INVENTARIO,,,,,,,,,
Fecha de inicio 22/08/2025.,,,,,,,,,
CÓDIGO,PROVEEDOR,DESCRIPCIÓN,STOCK,UBICACIÓN,EQUIVALENCIAS,PRECIO,TOTAL,F. DE CONTROL,
02250209-667,ITR - ITALIA,   MANGUERA LP F-JIC 1.5 X 21 LG,1,A,,"$590,50","$590,50",06/07/2026,
02250209-581,SULLAIR,MANGUERA 5/8 ID - CONEXIÓN REC,1,A,,"$454,50","$454,50",06/07/2026,
02250209-579,SULLAIR,MANGUERA HIDRAU. 3/4 X 48 LG,0,A,,"$538,70","$0,00",07/08/2026,
´042582,SULLAIR,INDICADOR DE TEMP.,0,A,,,"$0,00",21/05/2026,
88290018-640,SULLAIR,CONTROLADOR p/ SHOPTEK,2,A,,"$1.890,90","$3.781,80",21/05/2026,
ESD5500E,IMP,SPEED CONTROL UNIT,10,-,,,"$0,00",23/07/2026,
2004438,PELLACANI,SENSOR BULBO DE PRESION SCANIA,1,A,,,"$0,00",26/05/2026,
250023-218,SULLAIR,DISTANCIADOR 375Q,0,A,,,"$0,00",21/05/2026,
3655944,IMP,,10,-,,,"$0,00",23/07/2026,
ADC120-12,IMP,ELECTRIC ACTUADOR 12V,2,-,,,"$0,00",23/07/2026,
ADC120-12,IMP,ELECTRIC ACTUADOR 24V,6,-,,,"$0,00",23/07/2026,
250023-340,SULLAIR,CHAVETA 375Q,0,A,,,"$0,00",21/05/2026,
`040930,SULLAIR,JUNTA UNION FLEXIBLE,0,A,,"$132,30","$0,00",21/05/2026,
0250025-001,SULLAIR,-,1,A,,,"$0,00",21/05/2026,
826502-232,SULLAIR,O-RING VITON 2 3/4 X 1/8,1,A,,"$36,40","$36,40",21/05/2026,
250022-782,SULLAIR,RESORTE CIL VEL P/185Q,1,A,,"$44,30","$44,30",21/05/2026,
02250155-536,SULLAIR,TRANSDUCER PRES0,1,A,,"$2.106,00","$2.106,00",21/05/2026,
`040523,SULLAIR,JUNTA FLEXMASTER 3 S.20,1,A,,"$182,50","$182,50",21/05/2026,
02250166-967,SULLAIR,-,1,A,,,"$0,00",21/05/2026,
`040091,SULLAIR,TACO AMORTIG TABLERO,1,A,,"$17,50","$17,50",21/05/2026,
`040649,SULLAIR,FLEXMASTER 2 1/2,2,A,,,"$0,00",21/05/2026,
02250152-810,SULLAIR,FLG KIT SAE SPLIT 2 M12 X 30,2,A,,"$121,50","$243,00",21/05/2026,
307-3070,CUMMINS,RELAY 12V,3,A,,"$131,70","$395,10",21/05/2026,
250040-904,SULLAIR,KIT DOOR LATCH,2,A,,"$223,80","$447,60",21/05/2026,
68722536,SULLAIR,RETEN,1,A,,"$24,40","$24,40",21/05/2026,
7010944,SULLAIR,FLEX COUP.KIT,1,A,,"$90,30","$90,30",21/05/2026,
250006-526,SULLAIR,RESORTE LUZ DE CONTROL,1,A,,"$142,50","$142,50",21/05/2026,
02250209-583,SULLAIR,MANGUERA HIDRAU. 3/4 X 60 LG,1,A,,"$417,20","$417,20",21/05/2026,
`001684,SULLAIR,JGO REP VLV RETENCION (SELLOS),1,A,,"$162,50","$162,50",21/05/2026,
S/C,-,RETEN REDUCTOR E450 A/AJ,3,A,,,"$0,00",21/05/2026,
4954473,CUMMINS,JUNTA DE BOMBIN COMB p/ QSX15,1,A,,"$87,00","$87,00",21/05/2026,
0357-0030,CUMMINS,RECTIF. 6AMP P/DQKB/5NHD QSK60,1,A,,"$31,00","$31,00",21/05/2026,
267351,LUMMUS,-,1,A,,,"$0,00",21/05/2026,
3921642,CUMMINS,-,1,A,,,"$0,00",21/05/2026,
300-2812,ONAN,PLAQ.12LUCES (EX300-2812),2,A,,"$4.693,00","$9.386,00",21/05/2026,
300-4750,ONAN,,1,A,,,"$0,00",21/05/2026,
1810716,ONAN,-,1,A,,,"$0,00",21/05/2026,
300-4308,ONAN,,1,A,,,"$0,00",21/05/2026,
300-4296,ONAN,PLAQ.ENCENDIDO ECM 12LUCES 12V,1,A,,"$5.720,80","$5.720,80",21/05/2026,
300-5148-04,ONAN,MODULO,1,A,,"$602,00","$602,00",21/05/2026,
0327-1513,CUMMINS,PLAQUETA,2,A,,,"$0,00",21/05/2026,
300-3953-01,ONAN,,1,A,,,"$0,00",21/05/2026,
4935095,SULLAIR,BOMBIN COMB. 24V p/QSX15,0,A,,"$1.057,00","$0,00",21/05/2026,
0300-4819,CUMMINS,PLAQUETA (PC) P/DFHA/B/C,1,A,,"$4.387,80","$4.387,80",21/05/2026,
300-5179,CUMMINS,PANEL OPERADOR P/QSX15,1,A,,"$3.145,70","$3.145,70",21/05/2026,
02250049-415,SULLAIR,MANGUITO 1-15/16 P/375 JDC,1,A,,"$670,20","$670,20",21/05/2026,
300-6207-01,ONAN,CARG C/ SOPORTE F. LOTE 12V/10,1,A,,"$306,00","$306,00",21/05/2026,
250021-755,SULLAIR,MANOMETRO PRESION AIRE,1,A,,"$369,10","$369,10",21/05/2026,
02250152-678,SULLAIR,CVR CPLG ELEMENT 20R,1,A,,"$186,10","$186,10",21/05/2026,
02250152-670,SULLAIR,ELEM CPLG 20R P/P16,1,A,,"$323,50","$323,50",21/05/2026,
02250152-679,SULLAIR,COBERTOR ELEMENTO DE ACOPLE,1,A,,"$228,20","$228,20",21/05/2026,
02250152-671,SULLAIR,ELEMENTO DE ACOPLE,1,A,,"$454,20","$454,20",21/05/2026,
1060300,SULLAIR,CABLE 16/3 P/FT,1,A,,"$9,90","$9,90",21/05/2026,
02250152-669,SULLAIR,ACOPLE ELASTICO P/1100/2200,6,A,,"$186,10","$1.116,60",21/05/2026,
02250152-677,SULLAIR,CVR CPLG ELEMENT 10R,0,A,,"$148,40","$0,00",21/05/2026,
249608-014,SULLAIR,HOSE MED PRESS 0.50 X 017,2,A,,"$92,30","$184,60",21/05/2026,
`047398,SULLAIR,VALVULA REGULADORA DE AGUA,1,A,,,"$0,00",21/05/2026,
1801500,SULLAIR,RESISTENCIA PRE CALENTADOR,1,A,,,"$0,00",21/05/2026,
357-0030,CUMMINS,RECTIF. 6AMP P/DQKB/5NHD QSK60,1,A,,"$31,00","$31,00",21/05/2026,
02250049-020,SULLAIR,KIT SEAL UCS.20 (02250047-091),1,A,,"$1.868,40","$1.868,40",21/05/2026,
-,SULLAIR,DRENAJE AUTOMATICO,0,A,,,"$0,00",21/05/2026,
02250155-714,SULLAIR,VLV SOL 3WNO 1/4 250# 24VDC,1,A,,"$735,80","$735,80",21/05/2026,
040528RA,SULLAIR,ELECTROVALVULA (= 586 Asco),1,A,,"$584,30","$584,30",21/05/2026,
270001-030,SULLAIR,VLV SOL. 110v. 1 via arriba,1,A,,"$398,70","$398,70",21/05/2026,
250025-621,SULLAIR,KIT REP.VLV.TERMOST.250025-620,1,A,,"$766,60","$766,60",21/05/2026,
88290015-219,SULLAIR,VLV.SOLENOIDE P/SHOPTEK,1,A,,"$841,80","$841,80",21/05/2026,
02250053-273,SULLAIR IMPORTADO,KIT. REP. ADMISIÓN VLV. 6,2,A,,"$1.214,10","$2.428,20",21/05/2026,
`040771,SULLAIR,JUNTA FLEXMASTER 3 1/2,2,A,,"$255,30","$510,60",21/05/2026,
250028-762,SULLAIR IMPORTADO,ELEM VLV.TERMOSTATICA 190°F,1,A,,"$262,50","$262,50",21/05/2026,
02250182-546,SULLAIR IMPORTADO,PURGADOR MAGNETICO ZERO AIR,0,A,,"$215,70","$0,00",21/05/2026,
270008-586,SULLAIR IMPORTADO,VLV.SOLE 3VIA 110V*NO JEFFERSO,5,A,,"$386,00","$1.930,00",21/05/2026,
02250047-679,SULLAIR IMPORTADO,VALVULA DE SEGURIDAD,1,A,,"$949,30","$949,30",21/05/2026,
02250103-131,SULLAIR,KIT DISCO VLV DE RET SM 106,1,A,,,"$0,00",21/05/2026,
´040307,SULLAIR,HOROMET.MEC.TAQ.(042029) P/GM,2,A,,,"$0,00",21/05/2026,
´011531,SULLAIR,KIT (OLD 011601),2,A,,"$262,50","$525,00",21/05/2026,
405815-001,SULLAIR,SILENCIADOR (SAR 105-190),1,A,,"$239,30","$239,30",21/05/2026,
02250155-536,SULLAIR,TRANSDUCER PRES0-250 1-5VD,1,A,,"$2.106,00","$2.106,00",21/05/2026,
´042034,SULLAIR,TRAMPA AUT.,1,A,,"$984,00","$984,00",21/05/2026,
250017-451,SULLAIR,INDICADOR DIFERENC. MPH/MPF,1,A,,,"$0,00",21/05/2026,
02250129-683,SULLAIR,TRAMPA DRENAJE SR 2 al 100,1,A,,"$1.032,70","$1.032,70",21/05/2026,
,SULLAIR,DELUXE MICROPROCESSOR CONTROLLER LS/20,1,A,,,"$0,00",21/05/2026,
250005-185,SULLAIR,IND PRESION 2 DIAM. 0-200,3,A,,,,06/08/2026,
250004-641,SULLAIR,ELEMENTO DE ACOPLE 12-60 IMP.,1,A,,"$1.016,90","$1.016,90",06/07/2026,
´001105,SULLAIR,KIT FILTRO ACEITE CEDAZO,2,A,,,"$0,00",21/05/2026,
250040-892,SULLAIR,,1,A,,,"$0,00",21/05/2026,
02250125-856,SULLAIR,BOBINA P/SOLENOIDE 6E,1,A,,"$325,70","$325,70",21/05/2026,
02250125-657,SULLAIR,VLV.SOLENOIDE DE 3 VIAS *,0,A,,"$830,40","$0,00",21/05/2026,
02250226-353,SULLAIR,CONTROLADOR P/RFA 230V,1,A,,"$1.004,90","$1.004,90",21/05/2026,
02250125-705,SULLAIR,VALVULA SOLENOIDE EX049827,1,A,,"$1.361,40","$1.361,40",21/05/2026,
250031-431,SULLAIR,VALVULA SOLENOIDE 4 VIAS 1/4,1,A,250025-516,"$3.333,80","$3.333,80",21/05/2026,
02250056-838,SULLAIR,KIT DEFLECTOR P/TRAMPA SRD125,1,A,,,"$0,00",21/05/2026,
250025-362,SULLAIR,MANOMETRO (GAUGE OIL PRESSURE),1,A,,"$496,80","$496,80",21/05/2026,
´047536,SULLAIR,TACO AMORTIGUANTE TRASERO,1,A,,"$312,60","$312,60",21/05/2026,
250016-394,SULLAIR,RESORTE COM 2.69 X 5.80 30LBS,1,A,,"$106,30","$106,30",21/05/2026,
02250129-626,SULLAIR,SWITCH PR SR70/125/3000,1,A,,"$553,30","$553,30",21/05/2026,
02250048-822,SULLAIR,JUNTA PANEL SUPERVISOR II,1,A,,"$70,00","$70,00",21/05/2026,
02250127-175,SULLAIR,KIT REP FILTRO SEP COND s10LF,1,A,,"306,8","$306,80",21/05/2026,
C635-0011-03-ONA,ONAN,IND. NIVEL DE COMBUSTIBLE C300,2,A,,"$160,70","$321,40",21/05/2026,
C635-0011-01-ONA,ONAN,IND. NIVEL DE COMBUSTIBLE,0,A,,"$103,60","$0,00",21/05/2026,
02250136-694,SULLAIR,INDICADOR DE TEMPERATURA,2,B,,"$520,10","$1.040,20",21/05/2026,
1001109498,JLG,MODULE PLAT. CONSOLE P/E45A,1,B,,,"$0,00",31/07/2026,
2200902017,ATLAS,KIT WEAR DRAIN,1,B,,,"$0,00",21/07/2026,
1622-7064-04,ATLAS,VALVULA TERMOSTATICA,1,B,,,"$0,00",21/07/2026,
CWM150E,WEG,CONTACTOR BOBINA ELEC. 110V,2,B,,"$1.258,10","$2.516,20",21/05/2026,
4360470-JLG,SULLAIR,SWITCH IGNITION,1,B,,"$62,70","$62,70",07/07/2026,
LA7 D1064,TELEMECANIQUE,,5,B,,,"$0,00",21/05/2026,
3084891,,,1,B,,,"$0,00",21/05/2026,
4935094,CUMMINS,BOMBIN COMBUSTIBLE p/ QSX15,1,B,,,"$0,00",21/05/2026,
206996,CUMMINS,CORREA DE CAUCHO (C),1,B,,,"$0,00",21/05/2026,
110-3737,ONAN,JUNTA,1,B,,"$67,00","$67,00",21/05/2026,
215041,CUMMINS,TUBE WATER TRANSFERENCE,1,B,,"$160,00","$160,00",21/05/2026,
610128,JLG,MODULE PLAT. CONSOLE P/E45A,1,B,,"$1.933,60","$1.933,60",21/05/2026,
300-4054,ONAN,-,1,B,,,"$0,00",21/05/2026,
0300-5146,CUMMINS,CIRCUIT BOARD,1,B,,"$2.202,60","$2.202,60",21/05/2026,
191-1949-07,ONAN,ARRANQUE 33 AW,1,B,,"$912,50","$912,50",21/05/2026,
02250215-617,IMPORTADO,KIT ELEMENTO SEPARADOR P10,2,B,,"$600,90","$1.201,80",21/05/2026,
S/C,IMPORTADO,VLV SOLENOIDE,1,B,,,"$0,00",21/05/2026,
8250-1505,CUMMINS,-,1,B,,,"$0,00",21/05/2026,
A41018-B&L,-,PUNTAS DE MARTILLO,2,B,,"$53,00","$106,00",21/05/2026,
3904981,CUMMINS,ALT FAN (C),1,B,,"$77,40","$77,40",21/05/2026,
306-4287,CUMMINS,-,2,B,,,"$0,00",21/05/2026,
300-5372,SULLAIR,-,1,B,,,"$0,00",21/05/2026,
300-5985,ONAN,MODULO CONTROL TS1311 P/GT,1,B,,"$2.491,80","$2.491,80",21/05/2026,
0191-2216,ONAN,ARRANCADOR,1,B,,,"$0,00",21/05/2026,
418-0098,ONAN,-,1,B,,,"$0,00",21/05/2026,
307-0623-ONA,ONAN,RELAY (O),1,B,,,"$0,00",21/05/2026,
´03004271,ONAN,ALARM BOARD,1,B,,,"$0,00",21/05/2026,
418-0531,ONAN,-,1,B,,,"$0,00",21/05/2026,
307-9828,ONAN,-,1,B,,,"$0,00",21/05/2026,
302-1147,ONAN,AMMETER (O),1,B,,"$407,30","$407,30",21/05/2026,
307-0845,ONAN,RELAY (O),1,B,,"$101,10","$101,10",21/05/2026,
305-0781,ONAN,RECTIFICADOR (O),1,B,,,"$0,00",21/05/2026,
302-1864,ONAN,AMMETER (O),1,B,,,"$0,00",21/05/2026,
510-0171,ONAN,RETEN (O),4,B,,,"$0,00",21/05/2026,
302-0807,ONAN,METER AMP (O),1,B,,"$255,80","$255,80",21/05/2026,
112-0085,ONAN,RING RETAINING,1,B,,"$9,40","$9,40",21/05/2026,
110-3604,ONAN,RETEN DE VLV. P/5NHD (TELEFE),1,B,,"$20,00","$20,00",21/05/2026,
309-0561,ONAN,PRESSURE SWITCH (O),1,B,,,"$0,00",21/05/2026,
380-4744,CUMMINS,-,1,B,,,"$0,00",21/05/2026,
309-0269,ONAN,SWITCH BAJA TEMP. MOTOR PCC,1,B,,"$160,10","$160,10",21/05/2026,
115-0129,ONAN,VALVULA DE ADMISION,1,B,,,"$0,00",21/05/2026,
308-0784,ONAN,SWITCH SELECTOR (O),1,B,,"$88,90","$88,90",21/05/2026,
353-0094-01,ONAN,RESISTOR (O),1,B,,"$47,90","$47,90",21/05/2026,
307-0628,ONAN,RELAY (O),1,B,,,"$0,00",21/05/2026,
115-0127,ONAN,BALL PIVOT,1,B,,,"$0,00",21/05/2026,
1812635Q169,ONAN,-,1,B,,,"$0,00",21/05/2026,
110-1220,ONAN,RETAINER VALVE SPRING,1,B,,"$107,20","$107,20",21/05/2026,
110-1870,ONAN,EXHAUST,1,B,,"$94,00","$94,00",21/05/2026,
115-0128,ONAN,VALVULA DE ESCAPE,1,B,,,"$0,00",21/05/2026,
320-1601-01,ONAN,-,1,B,,,"$0,00",21/05/2026,
302-1844,ONAN,METER AMP-DC (O),1,B,,,"$0,00",21/05/2026,
250000-103,ONAN,LUZ PILOTO ROJO XB4-BV64,1,B,,,"$0,00",21/05/2026,
505-0089,ONAN,-,3,B,,,"$0,00",21/05/2026,
300-3115-02,ONAN,BOARD 60 SECONDS (O),1,B,,"$1.054,00","$1.054,00",21/05/2026,
302-1642,ONAN,VOLTMETER (O),1,B,,"$414,00","$414,00",21/05/2026,
357-0093,ONAN,RECTIFICADOR,1,B,,,"$0,00",21/05/2026,
193-0375,ONAN,SENSOR DE TEMPERATURA.-,1,B,,"$68,40","$68,40",21/05/2026,
312-0203,ONAN,CAPACITOR (O),1,B,,,"$0,00",21/05/2026,
303-0261,ONAN,POTENCIOMETRO,1,B,,"$634,90","$634,90",21/05/2026,
307-1058,ONAN,RELE,1,B,,"$76,90","$76,90",21/05/2026,
154-0712,ONAN,HEATER INTAKE (O),1,B,,,"$0,00",21/05/2026,
226-4530,ONAN,-,1,B,,,"$0,00",21/05/2026,
300-5151,ONAN,-,2,B,,,"$0,00",21/05/2026,
302-1859-01,ONAN,HOROMETRO (O),1,B,,,"$0,00",21/05/2026,
302-0807,ONAN,METER AMP (O),1,B,,"$255,80","$255,80",21/05/2026,
309-0438,ONAN,SWITCH (O),1,B,,,"$0,00",21/05/2026,
300-4099,ONAN,EMERG STOP KIT,1,B,,,"$0,00",21/05/2026,
300-3160,ONAN,PCB ASSY-BAT(O),1,B,,,"$0,00",21/05/2026,
0309-0649,ONAN,TERM DE PRECA. P/VTA-KTA-DQKB,1,B,,"$376,00","$376,00",21/05/2026,
307-2577,ONAN,RELOJ DE EJECICIO P/OT600,1,B,,"$1.550,40","$1.550,40",21/05/2026,
191-1953,ONAN,BENDIX DE ARRANQUE,1,B,,"$440,10","$440,10",21/05/2026,
0320-0876,ONAN,BRACKER CIRCUIT(O),2,B,,"$172,90","$345,80",21/05/2026,
320-0505,ONAN,CIRCUIT BREAKER(O),3,B,,"$61,30","$183,90",21/05/2026,
193-0375,ONAN,SENSOR DE TEMPERATURA,1,B,,"$68,40","$68,40",21/05/2026,
110-1221,ONAN,SPRING VALVE,1,B,,"$10,60","$10,60",21/05/2026,
191-1951,ONAN,CARBONES DE ARRANQUE,2,B,,"$90,90","$181,80",21/05/2026,
309-0439,ONAN,-,1,B,,,"$0,00",21/05/2026,
154-0712,ONAN,HEATER INTAKE (O),1,B,,,"$0,00",21/05/2026,
110-1278,ONAN,VALVE EXHAUST,1,B,,,"$0,00",21/05/2026,
112-0093,ONAN,PIN PISTON,2,B,,,"$0,00",21/05/2026,
0353-0094-01,ONAN,RESISTOR (O),1,B,,"$47,90","$47,90",21/05/2026,
307-2591,ONAN,RELAY PROGRAMED (O),1,B,,"$104,40","$104,40",21/05/2026,
191-1953,ONAN,BENDIX DE ARRANQUE,1,B,,"$440,10","$440,10",21/05/2026,
270011-274,SULLAIR,MANGUERA FILTRO DE ACEITE - UC,1,B,,"$299,00","$299,00",21/05/2026,
LC1D09,SCHNEIDER,CONTACTOR,1,B,,,"$0,00",11/08/2026,
LC1D12F7,SCHNEIDER,CONTACTOR,1,B,,,,11/08/2026,
LC1D09F7,SCHNEIDER,CONTACTOR,1,B,,,,11/08/2026,
LC1D8,SCHNEIDER,CONTACTOR,0,B,,,"$0,00",06/07/2026,
LRD33,SCHNEIDER,RELE TERMICO D 55 a 70AMP,2,B,,"$257,30","$514,60",,
LC1D80F7,SCHNEIDER,CONTACTOR 80A 3P 1NA+1NC 50HZ,2,B,,,"$0,00",,
LC1R2501,SCHNEIDER,AC CONTACTOR,3,B,,,,12/08/2026,
02250215-660,SULLAIR,ELEMENTO DE ACOPLE NEGRO,1,B,,"$1.085,80","$1.085,80",31/07/2026,
1001178139-JLG,SULLAIR,CONTROLP/E45A (EX 1001118419),0,B,,"$494,00","$0,00",31/07/2026,
042034RA,DRECAFF,PURGA DRENA OSMI 1/2 (30-200PS,2,B,,"$408,40","$816,80",11/08/2026,
AF25555,FLEETGUARD,,2,C,,,"$0,00",21/05/2026,
88292046-727,IMPORTADO,KIT CONTROLADOR SCN2,1,C,,,"$0,00",16/06/2026,
CC2825,FLEETGUARD,COMPLEAT EG PREMIX 50/50 x1Gal,2,C,,"$36,30","$72,60",21/05/2026,
02250127-684,NACIONALES,ELEMENT AIR FILTER,2,C,,,"$0,00",21/05/2026,
MR447,MARENO M.BENZ,FILTRO DE AIRE,2,C,,"$59,86","$119,72",21/05/2026,
200F*200H*132,IMPORTADO,,1,C,,,"$0,00",21/05/2026,
HD9839,VOX,FILTRO DE AIRE,2,C,LX1056 LX1716,"$31,94","$63,88",21/05/2026,
HD9841,VOX,FILTRO DE AIRE,2,C,LX2621,"$42,59","$85,18",21/05/2026,
HD7998,VOX,FILTRO DE AIRE,2,C,LX910,"$23,64","$47,28",21/05/2026,
P150135,DONALDSON,FILTRO DE AIRE,1,C,,,"$0,00",21/05/2026,
MLX2533,MAHLE,FILTRO DE AIRE,1,C,,"$54,01","$54,01",21/05/2026,
MR390,MARENO,FILTRO DE AIRE,1,C,HD78,"$55,37","$55,37",21/05/2026,
HD3003,VOX,FILTRO DE AIRE,1,C,,"$19,15","$19,15",21/05/2026,
HD8234,VOX,FILTRO DE AIRE,1,C,,"$23,15","$23,15",21/05/2026,
HD9838,VOX,FILTRO DE AIRE,1,C,,"$26,21","$26,21",21/05/2026,
HD9837,VOX,FILTRO DE AIRE,3,C,LX1070,"$36,11","$108,33",21/05/2026,
KX77,MAHLE,FILTRO DE COMBUSTIBLE,0,C,,"$33,16","$0,00",21/05/2026,
P610696,DONALDSON,FILTRO DE AIRE,1,C,,,"$0,00",21/05/2026,
MR447,M.BENZ,FILTRO DE AIRE,1,C,,"$76,05","$76,05",21/05/2026,
LXS312,MAHLE,FILTRO DE AIRE SECUNDARIO,1,C,,"$61,07","$61,07",21/05/2026,
HD5673,MAHLE,FILTRO DE AIRE,1,C,,"$33,51","$33,51",21/05/2026,
LX1313,MAHLE,FILTRO DE AIRE,1,C,,"$130,24","$130,24",21/05/2026,
AF26044-FLE,FLEETGUARD,FILTRO AIRE P/C3 (140-4157)x12,1,C,,,"$0,00",06/07/2026,
AF25278,FLEETGUARD,FILTRO DE AIRE P/1340DFLF,0,C,,,"$0,00",,
HF35018,FLEETGUARD,FILTRO FRENO P/WA500-6,1,C,,,"$0,00",21/05/2026,
HF6057,FLEETGUARD,F.HIDRAULICO P/JLG(EX 2120072),1,C,,"$19,10","$19,10",21/05/2026,
HF6553,FLEETGUARD,FILTRO ACEITE TRANS P/40E,1,C,,"$65,60","$65,60",21/05/2026,
HF6588,FLEETGUARD,FILTRO HIDRAULICO,1,C,,,"$0,00",21/05/2026,
HF6424,FLEETGUARD,FILTRO HIDRAULICO,1,C,,"$55,10","$55,10",21/05/2026,
HF7535,FLEETGUARD,FILTROTRANSMISION P/440XT,0,C,,,"$0,00",21/05/2026,
FF5021,FLEETGUARD,F.COMB. (= 25010959 GM),7,C,,"$17,00","$119,00",21/05/2026,
FF5052,FLEETGUARD,FILTRO COMB ,2,C,P550440,"$17,10","$34,20",21/05/2026,
FF5031,FLEETGUARD,FILTRO COMBUSTIBLE,1,C,,"$62,80","$62,80",21/05/2026,
FF5032,FLEETGUARD,F. COMB.(ONAN 1220325) P/JLG,1,C,,"$60,90","$60,90",21/05/2026,
FF5405,FLEETGUARD,FILTRO DE GASOIL,2,C,,"$79,40","$158,80",21/05/2026,
FF5079,FLEETGUARD,FILTRO COMBUSTIBLE ,2,C,P550974,"$11,00","$22,00",21/05/2026,
HF6141,FLEETGUARD,FILTRO HIDRAULICO,1,C,,,,06/08/2026,
FF5624,FLEETGUARD,FILTRO COMBUSTIBLE,1,C,,,"$0,00",21/05/2026,
FF202,FLEETGUARD,FILTRO DE GASOIL(600-311-7111),4,C,,"$35,50","$142,00",21/05/2026,
FF5421,FLEETGUARD,FILTRO COMBUS P/SKY *ADJ*,0,C,,"$26,20","$0,00",21/05/2026,
FS19805,FLEETGUARD,FILTRO SEPAR COMB ,1,C,P502566,"$91,40","$91,40",21/05/2026,
FS1015,FLEETGUARD,FILTRO COMBUSTIBLE,1,C,,,"$0,00",21/05/2026,
FS1000,FLEETGUARD,FILTRO COMBUSTIBLE ,1,C,P551000,"$27,60","$27,60",21/05/2026,
FS1275,SULLAIR,FILTRO COMBUSTIBLE,0,C,,"$33,60","$0,00",21/05/2026,
FS19734,REPCENTER,FILTRO DE COMBUSTIBLE,1,C,,,"$0,00",21/05/2026,
FS1242,FLEETGUARD,ELEMTO.F. COMBU. P/CASE 921B**,2,C,,"$24,10","$48,20",21/05/2026,
FS20009,FLEETGUARD,FILTRO COMBUSTIBLE P/X1440,1,C,,"$71,70","$71,70",21/05/2026,
FS19727-FLE,FLEETGUARD,FIL.COMB PRIM,3,C,P551052,"$41,50","$124,50",21/05/2026,
FS19972-FLE,FLEETGUARD,FILTRO COMB 580N**84559022-CAS,1,C,,"$63,20","$63,20",21/05/2026,
FF203,FLEETGUARD,FILTRO COMB P/JD (= AR50041),5,C,,"$34,40","$172,00",21/05/2026,
FF105,REPCENTER,FILTRO DE COMBUSTIBLE,2,C,,"$16,80","$33,60",06/07/2026,
FF146,FLEETGUARD,FILTRO COMBUSTIBLE,4,C,,,"$0,00",21/05/2026,
FF5580,FLEETGUARD,FILT COMB P/C275D5 4,0,C,,"$31,30","$0,00",21/05/2026,
LF3970,FLEETGUARD,FILTRO ACEITE P/10042,0,C,P550428,"$20,30","$0,00",21/05/2026,
LF700,FLEETGUARD,FILTRO DE ACEITE P/C20,1,C,,"$21,50","$21,50",21/05/2026,
LF3345,FLEETGUARD,FILTRO AC p/QSV4.5 ,0,C,P558616,"$17,30","$0,00",21/05/2026,
LF699,FLEETGUARD,FILTRO DE ACEITE,1,C,,"$17,20","$17,20",21/05/2026,
LF3349,FLEETGUARD,FILTRO ACEITE *ADJ*,2,C,P558615,"$11,60","$23,20",21/05/2026,
LF3373,FLEETGUARD,P550315/OX137D      FILTRO DE ACEITE,2,C,,"$11,60","$23,20",21/05/2026,
LF3325,FLEETGUARD,FILTRO,0,C,,"$40,80","$0,00",09/06/2026,
LF3605,FLEETGUARD,FILTRO DE ACEITE,2,C,,,"$0,00",21/05/2026,
LF4045,FLEETGUARD,FILTRO DE ACEITE,0,C,,,"$0,00",21/05/2026,
LF4054-FLE,FLEETGUARD,F.ACEITE P/214/L90,2,C,,"$21,60","$43,20",21/05/2026,
LF670,FLEETGUARD,FILTRO DE ACEITE,1,C,,"$22,80","$22,80",21/05/2026,
LF3000,FLEETGUARD,FIL.AC. P/PC300-7(6742-01-4540,2,C,,"$49,10","$98,20",21/05/2026,
LF667,FLEETGUARD,F.ACEITE P/750H CAT,3,C,,"$19,20","$57,60",21/05/2026,
LF777,FLEETGUARD,F.ACEITE (= 122-0526 3313283),1,C,,"$29,50","$29,50",21/05/2026,
LF701,FLEETGUARD,FILTRO DE ACEITE,1,C,,"$18,70","$18,70",21/05/2026,
LF3573,FLEETGUARD,FILTRO DE ACEITE,2,C,,,"$0,00",21/05/2026,
LF3883,FLEETGUARD,F ACEITE P/CAMION INTERNACIONA,1,C,,"$42,60","$42,60",21/05/2026,
LF14000NN,FLEETGUARD,F. ACEITE,1,C,LF9080,"$92,00","$92,00",21/05/2026,
LF9000,FLEETGUARD,FILTRO DE ACEITE P/QSX5,4,C,,"$108,50","$434,00",21/05/2026,
LF9009,FLEETGUARD,FILTROS DE ACEITE,0,C,,"$49,10","$0,00",21/05/2026,
LF691A,FLEETGUARD,FILTRO DE ACEITE P/ 1150XH,2,C,,"$37,90","$75,80",21/05/2026,
FS1006,FLEETGUARD,FILTRO DE COMBUSTIBLE,0,C,,"$76,80","$0,00",09/06/2026,
FS19732,FLEETGUARD,FILTRO COMBUSTIBLE,2,C,,"$57,60","$115,20",21/05/2026,
FS19732,P/SERVICIO,FILTRO COMBUSTIBLE,5,C,,"$57,60","$288,00",,
FS19730,FLEETGUARD,ELEMENTO FILTRANTE NORMAL,4,C,,"$32,20","$128,80",21/05/2026,
FS1003,FLEETGUARD,FILTRO SEPARADOR COMB,1,C,,"$50,30","$50,30",21/05/2026,
FS1280,FLEETGUARD,FILTRO COMBUSTIBLE,3,C,,"$15,90","$47,70",21/05/2026,
WF2070,FLEETGUARD,F.AG =130-3536 3318157,0,C,P551329 WF2170,"$26,60","$0,00",21/05/2026,
WF2071,FLEETGUARD,FILTRO DE AGUA,0,C,,"$17,80","$0,00",21/05/2026,
WF2072,FLEETGUARD,FILTRO DE AGUA,1,C,WF2172,"$22,40","$22,40",21/05/2026,
WF2073,FLEETGUARD,FILTRO AGUA,1,C,,"$24,10","$24,10",21/05/2026,
WF2074,FLEETGUARD,FILTRO AGUA,1,C,,"$24,10","$24,10",21/05/2026,
WF2076,FLEETGUARD,FILTRO DE AGUA,0,C,,"$50,55","$0,00",21/05/2026,
´040146,SULLAIR,JUNTA FLEXMASTER 1 1/2SR S.10,16,C,,"$111,90","$1.790,40",21/05/2026,
´040649,SULLAIR,JUNTA FLEX.2 1/2 (1)S12,11,C,,"$123,80","$1.361,80",21/05/2026,
´045672,SULLAIR,BANDA DE ACOPLE S.10,13,C,,"$414,30","$5.385,90",21/05/2026,
AH19037,FLEETGUARD,TUBULAR,0,C,,"$96,90","$0,00",21/05/2026,
88290015-902,SULLAIR,CORREA P/SHOPTEK WS1100,3,C,,"$60,30","$180,90",21/05/2026,
88290016-410,SULLAIR,CORREA P/SHOPTEK WS0400/0500,6,C,,"$75,60","$453,60",21/05/2026,
88290017-056,SULLAIR,CORREA P/SHOPTEK WS1500,3,C,,"$62,10","$186,30",21/05/2026,
88290015-901,SULLAIR,CORREA P/SHOPTEK WS0700,2,C,,"$60,30","$120,60",21/05/2026,
KB8220,AIRHORSE,FILTRO SEPARADOR,5,C,,,"$0,00",21/05/2026,
WD719,AIRHORSE,FILTRO DE ACEITE,5,C,,,"$0,00",21/05/2026,
23801001.01,AIRHORSE,FILTRO DE AIRE,4,C,,,"$0,00",21/05/2026,
LX3986,MAHLE,FILTRO DE AIRE,2,C,,,"$0,00",21/05/2026,
040694RA,,PRESOSTATO DANFFOS ALTA PRES.,3,C,,,"$0,00",21/05/2026,
HF6182,FLEETGUARD,FILTRO HIDRAULICO,0,C,,,"$0,00",28/05/2026,
AF1855-FLE,SULLAIR,F.AIRE,3,C,,,"$0,00",29/05/2026,
MC003,MARENO,FILTRO DE COMBUSTIBLE,2,C,,,"$0,00",06/07/2026,
MDH366,ECHANIZ,FILTRO HABITACULO,1,C GRIS,,,"$0,00",27/05/2026,
MR406,ECHANIZ,FILTRO DE AIRE,1,C GRIS,,,"$0,00",27/05/2026,
LA428/S,MAHLE,FILTRO DE AIRE,1,C GRIS,,,"$0,00",21/05/2026,
LA87,MAHLE,FILTRO HABITACULO,1,C GRIS,,,"$0,00",21/05/2026,
HK1251,MAHLE,FILTRO HABITACULO,1,C GRIS,,,"$0,00",21/05/2026,
HK205,MAHLE,FILTRO HABITACULO,1,C GRIS,,,"$0,00",21/05/2026,
MDH201,MAHLE,FILTRO DE ACEITE,0,C GRIS,,,"$0,00",21/05/2026,
MDH362/8,MAHLE,FILTRO DE AIRE,0,C GRIS,,,"$0,00",21/05/2026,
MDH291,MAHLE,FILTRO HABITACULO,0,C GRIS,,,"$0,00",21/05/2026,
MDH218,MAHLE,FILTRO HABITACULO,2,C GRIS,,,"$0,00",21/05/2026,
MR371,MARENO,FILTRO DE AIRE,1,C GRIS,,,"$0,00",21/05/2026,
LX993,MAHLE,FILTRO DE AIRE,1,C GRIS,,,"$0,00",21/05/2026,
AA2366,PRIX,FILTRO DE AIRE,2,C GRIS,,,"$0,00",21/05/2026,
HLP4147,VOX,FILTRO DE AIRE,1,C GRIS,LX907,,"$0,00",21/05/2026,
LX5208,MAHLE,FILTRO DE AIRE,0,C GRIS,,,"$0,00",21/05/2026,
LX3486,SAKURA,A-2935  FILTRO DE AIRE,1,C GRIS,,,"$0,00",21/05/2026,
P551808,DONALDSON,FILTRO DE ACEITE,1,C GRIS,,,"$0,00",21/05/2026,
P165675,DONALDSON,FILTRO DE ACEITE,1,C GRIS,,,"$0,00",21/05/2026,
P165569,DONALDSON,FILTRO DE ACEITE,1,C GRIS,,,"$0,00",21/05/2026,
P951419,DONALDSON,FILTRO SECADOR DE AIRE,1,C GRIS,,,"$0,00",21/05/2026,
P559000,DONALDSON,FILTRO DE ACEITE,1,C GRIS,,,"$0,00",21/05/2026,
B76,BALDWIN,FILTRO DE ACEITE,1,C GRIS,,,"$0,00",21/05/2026,
BR-1075,LANSS,FILTRO DE COMBUSTIBLE,2,C GRIS,,,"$0,00",21/05/2026,
LX673,MAHLE,FILTRO DE AIRE,1,C GRIS,,,"$0,00",21/05/2026,
FAC973,VOX,LA677 FILTRO DE AIRE,0,C GRIS,,,"$0,00",21/05/2026,
4T-GX-3402,VENROL,FILTRO DE AIRE,0,C GRIS,,,"$0,00",21/05/2026,
EF-427,LANSS,FILTRO DE AIRE,1,C GRIS,,,"$0,00",21/05/2026,
HF-3058,LANSS,FILTRO HIDRAULICO,2,C GRIS,,,"$0,00",21/05/2026,
RE160JQll,-,F.COMBUSTIBLE,2,C GRIS,,,"$0,00",21/05/2026,
2120150,JLG,FILTRO HIDRAULICO,1,C GRIS,,,"$0,00",21/05/2026,
MR378,MARENO,FILTRO DE AIRE,3,C GRIS,,,"$0,00",21/05/2026,
MR051,MARENO,FILTRO DE AIRE,1,C GRIS,,,"$0,00",21/05/2026,
MR378/S,MARENO,FILTRO DE AIRE,4,C GRIS,,,"$0,00",21/05/2026,
MR366,MARENO,FILTRO SECUNDARIO,1,C GRIS,,,"$0,00",21/05/2026,
AA1127,PRIX,FILTRO DE AIRE,5,C GRIS,,,"$0,00",21/05/2026,
TR30179,TURBO FILTROS,FILTRO DE AIRE,1,C GRIS,,,"$0,00",21/05/2026,
BF7675-D,BALDWIN,FILTRO DE COMBUSTIBLE,1,C GRIS,,,"$0,00",21/05/2026,
AA1436/1E,PRIX,FILTRO DE AIRE,1,C GRIS,LX14S1,,"$0,00",21/05/2026,
WKU-1001/V,WEGA,KIT FILTROS,0,C GRIS,,,"$0,00",21/05/2026,
AA1288/1,PRIX,TOYOTA FILTRO DE AIRE,1,C GRIS,,,"$0,00",21/05/2026,
HLP2206,VOX,FILTRO DE AIRE,0,C GRIS,,,"$0,00",21/05/2026,
-,,FILTRO HABITACULO HILUX,4,C GRIS,,,"$0,00",21/05/2026,
LX486,,FILTRO DE AIRE,1,C GRIS,,,"$0,00",21/05/2026,
3801708-CMM,,BOMBA DE AGUA CUMMINS NTA-855,1,C GRIS,,"$1.961,00","$1.961,00",21/05/2026,
405158RA,SULLAIR,FILTRO AIRE 20/25,0,C GRIS,,"$225,40","$0,00",21/05/2026,
405158RA,P/SERVICIO,FILTRO AIRE 20/25,12,-,,"$225,40","$2.704,80",21/05/2026,
LA1045,MAHLE,FILTRO HABITACULO,1,C GRIS,,,"$0,00",06/07/2026,
LX2082/1,VOX,FILTRO DE AIRE,1,C GRIS,,,"$0,00",21/05/2026,
C1140,MANN,FILTRO DE AIRE,1,C GRIS,,,"$0,00",21/05/2026,
LX1801,MAHLE,375 NUEVO FILTRO DE AIRE,2,C GRIS,,,"$0,00",21/05/2026,
MR372,MARENO,FILTRO DE AIRE,1,C GRIS,,,"$0,00",21/05/2026,
FAC887,VOX,FILTRO CABINA HILUX,2,C GRIS,,,"$0,00",,
C-70130,ECHANIZ,FILTRO DE ACEITE,1,C GRIS,,,"$0,00",06/07/2026,
FF-02FI,ECHANIZ,FILTRO DE COMBUSTIBLE,1,C GRIS,,,"$0,00",06/07/2026,
MDH308,ECHANIZ,F.HABITACULO,1,C GRIS,,,"$0,00",06/07/2026,
MR299,ECHANIZ,FILTRO DE AIRE,1,C GRIS,,,"$0,00",06/07/2026,
270016-209,SULLAIR,USADO - Flex. descarga,1,C GRIS,,"$631,30","$631,30",06/07/2026,
270009-102,LANSS,FILTRO DE AIRE ,4,D,EF-443,,"$0,00",21/05/2026,
LX265,MAHLE,FILTRO DE AIRE,6,D,EF-443,,"$0,00",21/05/2026,
270009-103,LANSS,FILTRO DE AIRE,9,D,EF-436,,"$0,00",21/05/2026,
LXS 37/1,MAHLE,FILTRO DE AIRE ll,1,D,EF-436,,"$0,00",21/05/2026,
V-719,DARMET,FILTRO DE AIRE,1,D,,,"$0,00",21/05/2026,
V-720,DARMET,FILTRO DE AIRE,2,D,,,"$0,00",21/05/2026,
VP-799,DARMET,FILTRO DE AIRE,1,D,,,"$0,00",,
VP-799/S,DARMET,FILTRO DE AIRE ll,1,D,,,"$0,00",,
LXS5/1,MAHLE,FILTRO DE AIRE,4,D,EF-434,,"$0,00",21/05/2026,
LX275,MAHLE,FILTRO DE AIRE,4,D,EF-440,,"$0,00",21/05/2026,
270009-081 ,LANSS,FILTRO DE AIRE ll,4,D,EF-435,,"$0,00",21/05/2026,
LXS41/1,MAHLE,FILTRO DE AIRE ll,7,D,EF-435 270009-081 ,,"$0,00",21/05/2026,
270009-082,LANSS,FILTRO DE AIRE,4,D,EF-441,,"$0,00",21/05/2026,
LX236,MAHLE,FILTRO DE AIRE,7,D,270009-082 EF-441,,"$0,00",21/05/2026,
040899RA,SULLAIR,ELEMENTO FILTRO DE AIRE LS10,10,D,EF-429,"$59,00","$590,00",21/05/2026,
02250102-160RA,DARMET,FILTRO 2° AIRE 185JD,0,D,AF25484,"$107,00","$0,00",21/05/2026,
02250102-158RA,DARMET,FILTRO 1° AIRE,0,D,AF25555-FLE,,"$0,00",21/05/2026,
02250043-291,SULLAIR,INDICADOR TEMP. P/6E,0,E,,"$665,30","$0,00",31/07/2026,
02250164-532RA,SULLAIR,ELEMENTO FIL AIRE 1º P/375/185,2,E,,"$241,40","$482,80",06/07/2026,
AF25557-FLE,FLEETGUARD,FILTRO DE AIRE (EF-732),2,E,,"$34,70","$69,40",06/07/2026,
AF4548,FLEETGUARD,F.AIRE (= 140-2391),1,E,,"$193,90","$193,90",06/07/2026,
AF947,FLEETGUARD,FILTRO DE AIRE,2,E,,"$69,60","$139,20",06/07/2026,
02250125-372,FLEETGUARD,ELE FILT AIRE S.ENERGY,2,E,,"$90,00","$180,00",06/07/2026,
AF25558,FLEETGUARD,FILT AIRE 2º P/310,4,E,EF-733,"$23,50","$94,00",06/07/2026,
270007-324,SULLAIR,F.A II° PES.P/750-900Q AF1791,2,E,,"$100,60","$201,20",06/07/2026,
270007-323,SULLAIR,F.AIRE I° S.PES.750/900Q/C500,1,E,,"$178,10","$178,10",06/07/2026,
02250137-895,SULLAIR,E.SEPARADOR S10-20/30/40 LFREE,5,E,,"$827,40","$4.137,00",06/07/2026,
02250137-895,P/SERVICIO,E.SEPARADOR S10-20/30/40 LFREE,5,-,,"$827,40","$4.137,00",06/07/2026,
02250215-617,SULLAIR,KIT ELEMENTO SEPARADOR P10,2,E,,"$600,90","$1.201,80",06/07/2026,
250028-034,SULLAIR,ELTO FILT AIRE 6E P/250025-421,1,E,,"$75,50","$75,50",06/07/2026,
02250156-601,SULLAIR,ELEMENTO FILTRO DE ACEITE P10,1,E,,"$255,60","$255,60",06/07/2026,
02250111-804,SULLAIR,FILTRO AIRE SERV.PESADO P/6E,1,E,,"$169,80","$169,80",06/07/2026,
02250215-621,SULLAIR,FILTRO SEPARADOR P/Energy 3700,3,E,,"$851,00","$2.553,00",06/07/2026,
02250127-684,SULLAIR,ELEMENT AIR FILTER,3,E,,"$216,10","$648,30",06/07/2026,
02250127-684,P/SERVICIO,ELEMENT AIR FILTER,7,-,,"$216,10","$1.512,70",06/07/2026,
02250139-995,SULLAIR,ETO FILTRO ACEIT TS20 CORELESS,4,E,,"$494,80","$1.979,20",06/07/2026,
250028-033,SULLAIR,SEPARADOR P/6E,1,E,250025-264,"$369,00","$369,00",06/07/2026,
02250125-372,SULLAIR,ELE FILT AIRE S.ENERGY,3,E,,"$90,00","$270,00",06/07/2026,
02250125-372,P/SERVICIO,ELE FILT AIRE S.ENERGY,3,-,,"$90,00","$270,00",06/07/2026,
FA-3453,LANSS,FILTRO SEPARADOR DE ACEITE,3,E,,,"$0,00",06/07/2026,
FA-3962,LANSS,FILTRO SEPARADOR DE AGUA,1,E,,,"$0,00",06/07/2026,
AH1196,FLEETGUARD,FILTRO DE AIRE COMPLETO,1,E,,"$126,90","$126,90",06/07/2026,
AF26173-FLE,FLEETGUARD,FILTRO DE AIRE P/ C350/500Q,0,E,,"$185,40","$0,00",06/07/2026,
AH1136,FLEETGUARD,FILTRO DE AIRE C-120/150,0,E,,"$74,40","$0,00",06/07/2026,
AF25957,FLEETGUARD,FILTRO AIRE I° P/SKT (1101312),1,E,,"$70,20","$70,20",21/05/2026,
7139077-TRA,SULLAIR,ASS. FILLER BREATHER,1,F,,"$78,70","$78,70",06/07/2026,
´000098,LANSS,ELEMENTO FILTRO DE AIRE LS10,10,F,EF428,"$85,40","$854,00",06/07/2026,
88290014-485,P/SERVICIO,ELEMTO.FLT.AIRE WS1100-1500,7,F,,,"$0,00",06/07/2026,
88290014-485,SULLAIR,ELEMTO.FLT.AIRE WS1100-1500,4,F,,"$110,10","$440,40",06/07/2026,
88290015-049,SULLAIR,ELEMTO.SEPAR. WS0400-500-700,4,F,,"$308,70","$1.234,80",06/07/2026,
02250168-084,P/SERVICIO,ELEM FLTR CORELESS 2 DIA. +,10,-,,"$381,60","$3.816,00",06/07/2026,
02250168-084,SULLAIR,ELEM FLTR CORELESS 2 DIA. +,8,F,,"$381,60","$3.052,80",06/07/2026,
250025-526,SULLAIR,ELEMTO.FILT.ACEITE 750/S.12/16,7,F,,"$189,00","$1.323,00",06/07/2026,
250025-526,P/SERVICIO,ELEMTO.FILT.ACEITE 750/S.12/16,0,F,,"$189,00","$0,00",06/07/2026,
88290014-484,SULLAIR,ELEMTO.FILT.ACEITE SHOPTEK,5,F,,"$88,70","$443,50",06/07/2026,
88290014-484,P/SERVICIO,ELEMTO.FILT.ACEITE SHOPTEK,5,F,,"$88,70","$443,50",06/07/2026,
250025-525,SULLAIR,ELEMTO.FILT.ACEITE 375/S.10,5,F,,"$141,50","$707,50",06/07/2026,
250025-525,P/SERVICIO,ELEMTO.FILT.ACEITE 375/S.10,5,F,,"$141,50","$707,50",06/07/2026,
02250125-370,SULLAIR,F. AIRE 6 P/8E y S-ENERGY,4,F,,"$60,00","$240,00",06/07/2026,
EF-526,LANSS,ELEMENTO FILTRO DE AIRE 25-200,1,F,,"$314,40","$314,40",06/07/2026,
250034-118,SULLAIR,ELEMTO.SEP. II° S.12/16 (OLD),1,F,,"$861,00","$861,00",06/07/2026,
88290015-567,SULLAIR,ELEMTO.SEPAR. WS1100-1500,4,F,,"$329,20","$1.316,80",06/07/2026,
88290014-486,SULLAIR,ELEMTO.FLT.AIRE WS0400-500-700,5,F,,"$95,10","$475,50",06/07/2026,
02250100-755,SULLAIR,ELEMENTO SEP. Iº P/LS12 LFREE,2,F,,"$876,30","$1.752,60",06/07/2026,
02250100-755,P/SERVICIO,ELEMENTO SEP. Iº P/LS12 LFREE,5,-,,"$876,30","$4.381,50",06/07/2026,
02250100-756,SULLAIR,ELEMENTO SEP. IIº P/LS12 LFREE,2,F,,"$594,30","$1.188,60",06/07/2026,
02250100-756,P/SERVICIO,ELEMENTO SEP. IIº P/LS12 LFREE,5,F,,"$594,30",#VALUE!,06/07/2026,
250034-128,SULLAIR,ELEMTO.SEPARADOR II° S.20,1,F,,"$1.021,40","$1.021,40",06/07/2026,
250034-128,P/SERVICIO,ELEMTO.SEPARADOR II° S.20,2,-,,"$1.021,40","$2.042,80",06/07/2026,
LX200/HP8528,VOX,FILTRO DE AIRE,1,G,,,"$0,00",06/07/2026,
02250168-053,SULLAIR,ELEM AIR FLTR 2-STAGE P16/18,2,G,,"$680,70","$1.361,40",06/07/2026,
02250168-053,P/SERVICIO,ELEM AIR FLTR 2-STAGE P16/18,11,-,,"$680,70","$7.487,70",06/07/2026,
408242,SULLAIR,FILTRO DE ACEITE (S.10 viejos),1,G,,"$141,50","$141,50",,
02250218-885,SULLAIR,KIT SEP ELEMENT P16/18,2,G,,"$1.637,90","$3.275,80",06/07/2026,
02250078-031,SULLAIR,SEPARADOR 185Q,3,G,250034-155,"$503,40","$1.510,20",06/07/2026,
02250078-031,P/SERVICIO,SEPARADOR 185Q,0,-,250034-155,"$503,40","$0,00",06/07/2026,
250034-112,SULLAIR,FILT SEPARADOR P/185 KUB(CORTO,2,G,,"$638,30","$1.276,60",06/07/2026,
250028-032,SULLAIR,FILTRO ACEITE P/6E ELEMTO.,3,G,,"$107,10","$321,30",06/07/2026,
02250175-063,SULLAIR,FILTRO 2º AIRE P/LS20S-220LF,2,G,,"$238,60","$477,20",06/07/2026,
02250175-063,P/SERVICIO,FILTRO 2º AIRE P/LS20S-220LF,1,-,,"$238,60","$238,60",06/07/2026,
02250175-062,SULLAIR,FILTRO 1º AIRE P/LS20S-220LF,2,G,,"$614,40","$1.228,80",06/07/2026,
02250175-062,P/SERVICIO,FILTRO 1º AIRE P/LS20S-220LF,4,-,,"$614,40","$2.457,60",06/07/2026,
250015-586,SULLAIR,FILTRO DE ACEITE S.12 (old),0,G,,"$189,00","$0,00",06/07/2026,
LXS296,MAHLE,FILTRO DE AIRE ll,1,G,,,"$0,00",06/07/2026,
HDS838,VOX,FILTRO DE AIRE ll,1,G,LXS263,,"$0,00",06/07/2026,
HDS837,VOX,FILTRO DE AIRE ll,3,G,LXS261,,"$0,00",06/07/2026,
HDS839,VOX,FILTRO DE AIRE ll,1,G,LXS260,,"$0,00",06/07/2026,
HDS203,VOX,FILTRO DE AIRE ll,1,G,LXS251,,"$0,00",06/07/2026,
MR366,MARENO,FILTRO DE AIRE ,1,G,,,"$0,00",06/07/2026,
6.3672.2,KAESER,FILTRO SEPARADOR,3,G,,"$246,00","$738,00",06/07/2026,
6.3792.2,KAESER,FILTRO SEPARADOR,0,G,,,"$0,00",06/07/2026,
6.3462.0,KAESER,FILTRO DE ACEITE,2,G,,,"$0,00",06/07/2026,
6.4432.0,KAESER,FILTRO DE AIRE ,6,G,,"$60,00","$360,00",06/07/2026,
6.4434.0,KAESER,FILTRO DE AIRE ,1,G,,,"$0,00",22/07/2026,
6.4139.0,KAESER,FILTRO DE AIRE ,1,entrepiso,,"$88,00","$88,00",12/08/2026,
6.3568.0,KAESER,FILTRO SEPARADOR,1,entrepiso,,"$530,00","$530,00",12/08/2026,
6.3464.1,KAESER,FILTRO DE ACEITE,2,G,,"$85,00","$170,00",12/08/2026,
6.4149.2,KAESER,FILTRO DE AIRE ,1,G,,"$95,00","$95,00",12/08/2026,
6.3567.0,KAESER,FILTRO SEPARADOR,1,entrepiso,,"$584,00","$584,00",12/08/2026,
6.4148.0,KAESER,FILTRO DE AIRE,2,G,,"$220,00","$440,00",12/08/2026,
6.3760.0,KAESER,FILTRO SEPARADOR,1,entrepiso,,"$612,00","$612,00",12/08/2026,
6.3465.0,KAESER,FILTRO DE ACEITE,1,G,,"$190,00","$190,00",12/08/2026,
901524.0,KAESER,FILTRO,1,G,,"$198,00","$198,00",12/08/2026,
901504.0,KAESER,FILTRO,1,G,,"$190,00","$190,00",12/08/2026,
6.3623.0,KAESER,FILTRO SEPARADOR,1,entrepiso,,,,20/08/2026,
02250135-155,SULLAIR,ELMNTO FIL AIRE SERV PESAD S20,1,G,,"$684,40","$684,40",06/07/2026,
1613872000,ATLAS COPCO,,0,,,"$30,00",,,
1625480050,ATLAS COPCO,,0,,,"$30,00",,,
2903775300,ATLAS COPCO,,0,,,"$220,00",,,
1202804003,ATLAS COPCO,,0,,,"$30,00",,,
02250135-155,P/SERVICIO,ELMNTO FIL AIRE SERV PESAD S20,23,-,,"$684,40","$15.741,20",06/07/2026,
02250155-709,SULLAIR,ELEM FILTRO ACEITE p/S-ENERGY,10,G,,"$222,30","$2.223,00",06/07/2026,
02250155-709,P/SERVICIO,ELEM FILTRO ACEITE p/S-ENERGY,13,-,,"$222,30","$2.889,90",06/07/2026,
CF600/1,MANN,LXS219,1,G,,,"$0,00",06/07/2026,
HS801 / LXS401,VOX,FILTRO DE AIRE,1,G,,,"$0,00",06/07/2026,
408107,SULLAIR,FILTRO ACEITE (S.12/16 viejos),1,G,,"$112,20","$112,20",06/07/2026,
AT14879,JOHN DEERE,FILTRO DE ACEITE,1,H,,,"$0,00",06/07/2026,
02250229-242,SULLAIR,KIT ELEMENTO SEPARADOR LS110,1,H,,"$1.960,10","$1.960,10",06/07/2026,
250034-087,SULLAIR,ELEMENTO SEPARADOR 375Q,0,H,,"$999,50","$0,00",06/07/2026,
250034-086,SULLAIR,ELEMTO.SEPARADOR 750Q,1,H,,"$1.398,10","$1.398,10",06/07/2026,
02250145-897,SULLAIR,ELEMENTO SEPARADOR SECUNDARIO,1,H,,"$697,30","$697,30",06/07/2026,
250034-120,SULLAIR,ELEMTO.SEP. I°S.20,1,H,408167-001,"$1.288,50","$1.288,50",06/07/2026,
250034-120,P/SERVICIO,ELEMTO.SEP. I°S.20,2,-,408167-001,"$1.288,50","$2.577,00",06/07/2026,
LX3486,MAHLE,FILTRO DE AIRE,0,H,,,"$0,00",06/07/2026,
MZ3,SCHROEDER,FILTRO HIDRAULICO,1,H,,,,11/08/2026,
FF-560 R/S,PRO FILTER,FILTRO DE COMBUSTIBLE,2,H,,,"$0,00",06/07/2026,
R28-30M,PARKER,FILTRO DE COMBUSTIBLE,1,H,,,"$0,00",06/07/2026,
R90HDP-VOL,PARKER,FILTRO SEPARADOR,1,H,,,"$0,00",06/07/2026,
R90-30M,PARKER,FILTRO DE COMBUSTIBLE,2,H,FBS490/1  ,,"$0,00",06/07/2026,
FBS490/1,VOX,FILTRO SEPARADOR,1,H,R9030M,,"$0,00",06/07/2026,
BC-C2019,BAOCH,FILTRO DE COMBUSTIBLE,5,H,,,"$0,00",06/07/2026,
BC-C2008,BAOCH,FILTRO DE COMBUSTIBLE,6,H,,,"$0,00",06/07/2026,
500-0480 ,BLUMAQ,FILTRO DE COMBUSTIBLE,2,H,,,"$0,00",06/07/2026,
436-7077,BLUMAQ,FILTRO SEPARADOR,1,H,,,"$0,00",06/07/2026,
1G-8878,CAT,F.HIDRAULICO,1,H,,,"$0,00",06/07/2026,
1R-0751,CAT,F.COMBUSTIBLE,1,H,,,"$0,00",06/07/2026,
7W-2326,HDQP,F.ACEITE,1,H,,,"$0,00",06/07/2026,
G149,GOLD FILTER,FILTRO DE ACEITE,2,H,,,"$0,00",06/07/2026,
GF704,GOLD FILTER,FILTRO DE COMBUSTIBLE,2,H,,,"$0,00",06/07/2026,
DZ118286,JOHN DEERE,FILTRO DE ACEITE,2,H,,,"$0,00",06/07/2026,
RE62418,JOHN DEERE,FILTRO DE COMBUSTIBLE,1,H,,,"$0,00",06/07/2026,
RE62419,JOHN DEERE,FILTRO DE COMBUSTIBLE,1,H,,,"$0,00",06/07/2026,
RE504836,JOHN DEERE,FILTRO DE ACEITE,2,H,,,"$0,00",06/07/2026,
H601/4,MANN,FILTRO DE ACEITE HIDRAULICO,1,H,,,"$0,00",06/07/2026,
HU721,MANN,FILTRO DE ACEITE HIDRAULICO  x kit,1,H,,,"$0,00",06/07/2026,
HX15,MAHLE,FILTRO DE ACEITE HIDRAULICO,3,H,,,"$0,00",06/07/2026,
HX15,PRIX,FILTRO DE ACEITE HIDRAULICO,2,H,,,"$0,00",06/07/2026,
HX15,VOX,FILTRO DE ACEITE HIDRAULICO,1,H,,,"$0,00",06/07/2026,
67502-26600-71,TOYOTA,FILTRO DE ACEITE HIDRAULICO,2,H,,,"$0,00",06/07/2026,
247050,SPICER OFF,FILTRO DE ACEITE HIDRAULICO,1,H,,,"$0,00",06/07/2026,
84403847,CNH,FILTRO DE COMBUSTIBLE,1,H,,,"$0,00",06/07/2026,
2.120.158,JLG,,1,H,,,"$0,00",06/07/2026,
V-612,DARMET,F.ACEITE,1,H,,,"$0,00",06/07/2026,
G-315,DARMET,F.ACEITE,1,H,,,"$0,00",06/07/2026,
G-306,DARMET,FILTRO DE COMBUSTIBLE,1,H,,,"$0,00",06/07/2026,
FCS-15119,FAMEL,FILTRO DE COMBUSTIBLE,1,H,,,"$0,00",06/07/2026,
BR-1077,LANSS,FILTRO DE COMBUSTIBLE,1,H,,,"$0,00",06/07/2026,
BR-1196,LANSS,FILTRO DE COMBUSTIBLE,1,H,,,"$0,00",06/07/2026,
LFF3536,LUBE FILTER,F.ACEITE,1,H,,,"$0,00",06/07/2026,
HF-3045,LANSS,FILTRO HIDRAULICO,1,H,,,"$0,00",06/07/2026,
FCS-54,FAMEL,FILTRO DE COMBUSTIBLE,1,H,,,"$0,00",06/07/2026,
AC-720,MONZA,FILTRO DE AIRE,1,H,,,"$0,00",06/07/2026,
FCS-31,FAMEL,FILTRO DE COMBUSTIBLE,2,H,,,"$0,00",06/07/2026,
FCS-181,FAMEL,FILTRO DE COMBUSTIBLE,3,H,,,"$0,00",06/07/2026,
`0750 131 056,ZF,FILTRO DE ACEITE H.,2,H,,,"$0,00",06/07/2026,
02250153-323,SULLAIR,ELEM. FILTR. P/ SCR 65,0,H,,"$333,90","$0,00",06/07/2026,
250024-424,SULLAIR,ELEMENT MPF2.7,0,H,,"$212,10","$0,00",06/07/2026,
250024-432,SULLAIR,ELEMTO. MPH 35,0,H,,"$188,10","$0,00",06/07/2026,
9003941M1,AGCO PARTS,F.ACEITE,1,H,,"$188,10","$188,10",06/07/2026,
P555680,DONALDSON,,3,H,LF654 - LF3788,,"$0,00",06/07/2026,
P554004,DONALDSON,,1,H,LF667 - LF3379,,"$0,00",06/07/2026,
P551315,DONALDSON,,1,H,FF5324 - FF5815,,"$0,00",06/07/2026,
BL-2091,LANSS,FILTRO DE ACEITE,1,H,,,"$0,00",06/07/2026,
P550575,DONALDSON,,2,H,HF6202,,"$0,00",06/07/2026,
P551435,DONALDSON,,1,H,FS19906,,"$0,00",06/07/2026,
P551425,DONALDSON,,2,H,FS19827,,"$0,00",06/07/2026,
P550467,DONALDSON,FILTRO DE COMBUSTIBLE,1,H,,,"$0,00",06/07/2026,
J3543R,HASTING,FILTRO DE AIRE,0,H,,,"$0,00",06/07/2026,
H2225,HASTING,FILTRO DE ACEITE,1,H,,,"$0,00",06/07/2026,
1763776,MANN,,1,H,KC441 - FF5626,,"$0,00",06/07/2026,
VX400,FARO,FILTRO DE ACEITE,3,H,,,"$0,00",06/07/2026,
Z5158,HASTING,FILTRO DE COMBUSTIBLE,0,H,,,"$0,00",06/07/2026,
AC166,PRIX,,4,I,KL788,,"$0,00",06/07/2026,
´004125,PERTRAK,FILTRO DE ACEITE,7,I,,,"$0,00",06/07/2026,
`004060,PERTRAK,FILTRO DE COMBUSTIBLE,7,I,,,"$0,00",06/07/2026,
`004115,PERTRAK,FILTRO DE ACEITE,4,I,,,"$0,00",06/07/2026,
OC35,VOX, FILTRO DE ACEITE,2,I,LB339 ,,"$0,00",06/07/2026,
KX368D,MAHLE,FILTRO DE COMBUSTIBLE,1,I,,,"$0,00",06/07/2026,
250042-862,SULLAIR,ELEMTO.SEPARADOR II° S.12,2,I,,"$466,10","$932,20",06/07/2026,
250042-862,P/SERVICIO,ELEMTO.SEPARADOR II° S.12,6,-,,"$466,10","$2.796,60",06/07/2026,
250034-116,SULLAIR,ELEMENTO SEP I° S.12/16/10-50,2,I,,"$705,80","$1.411,60",06/07/2026,
250034-116,P/SERVICIO,ELEMENTO SEP I° S.12/16/10-50,6,-,,"$705,80","$4.234,80",06/07/2026,
02250135-150,SULLAIR,FILTRO AIRE I° p/32-350,1,I,,"$692,40","$692,40",06/07/2026,
AL458,VOX,FILTRO DE ACEITE,4,I,OX174,,"$0,00",06/07/2026,
FN951,VOX,FILTRO DE COMBUSTIBLE,1,I,KX437/D,,"$0,00",06/07/2026,
P551856,DONALDSON,,2,I,FS19532 - KC121,,"$0,00",06/07/2026,
P550490,DONALDSON,,4,I,LF17S13 - LF3730,,"$0,00",06/07/2026,
P550220,DONALDSON,,6,I,HF28917 - HX80,,"$0,00",06/07/2026,
P550653,DONALDSON,,2,I,KX182 - FF5684,,"$0,00",06/07/2026,
P550120,DONALDSON,,3,I,FF5053 - KX35D,,"$0,00",06/07/2026,
P550766,DONALDSON,,1,I,LF3605 - OX150D,,"$0,00",06/07/2026,
WFC3,MALHE,FILTRO DE AGUA,1,I,,,"$0,00",06/07/2026,
AC744,PRIX/VOX,,2,I,KX67/2D,,"$0,00",06/07/2026,
HC99,MALHE,FILTRO HIDRAULICO,1,I,,,"$0,00",06/07/2026,
P761108,DONALDSON,FILTRO HIDRAULICO,1,I,HC96  ,,"$0,00",06/07/2026,
P550309,DONALDSON,HF6162 - HX15,1,I,HF6162 - HX15,,"$0,00",06/07/2026,
P551102,DONALDSON,OC40 - LF4112,3,I,OC40 - LF4112,,"$0,00",06/07/2026,
P550639,DONALDSON,FILTRO HIDRAULICO,5,I,LF3977 - OC474,,"$0,00",06/07/2026,
ML1000G,MOTORLINE,FILTRO DE COMBUSTIBLE,3,I,,,"$0,00",06/07/2026,
ML1212G,MOTORLINE,FILTRO DE COMBUSTIBLE,5,I,,,"$0,00",06/07/2026,
ML1280G,MOTORLINE,FILTRO DE COMBUSTIBLE,2,I,,,"$0,00",06/07/2026,
ML5052G,MOTORLINE,FILTRO DE COMBUSTIBLE,2,I,,,"$0,00",06/07/2026,
ML5457G,MOTORLINE,FILTRO DE COMBUSTIBLE,1,I,,,"$0,00",06/07/2026,
ML5421G,MOTORLINE,FILTRO DE COMBUSTIBLE,1,I,,,"$0,00",06/07/2026,
ML3349,MOTORLINE,FILTRO DE ACEITE,3,I,,,"$0,00",06/07/2026,
ML30000,MOTORLINE,FILTRO DE ACEITE,5,I,,,"$0,00",06/07/2026,
ML3345O,MOTORLINE,FILTRO DE ACEITE,3,I,,,"$0,00",06/07/2026,
ML2073W,MOTORLINE,FILTRO DE AGUA,1,I,,,"$0,00",06/07/2026,
FBD75,VOX,FILTRO DE COMBUSTIBLE,1,I,KC188/KC440 ,,"$0,00",06/07/2026,
KL583,PRIX,FILTRO DE COMBUSTIBLE,2,I,AC341 ,,"$0,00",06/07/2026,
KL596,MAHLE,,0,I,,,,06/08/2026,
KL239,VOX,FILTRO DE COMBUSTIBLE,2,I,FS40/7 ,,"$0,00",06/07/2026,
KL582,MAHLE,FILTRO DE COMBUSTIBLE,2,I,,,"$0,00",06/07/2026,
KL63 ,PRIX,FILTRO DE COMBUSTIBLE,3,I,AC314 ,,"$0,00",06/07/2026,
FS41,VOX,FILTRO DE COMBUSTIBLE,3,I,KL238/D,,"$0,00",06/07/2026,
KL100/2,MAHLE,FILTRO DE COMBUSTIBLE,1,I,,,"$0,00",06/07/2026,
OX171/2D,VOX,FILTRO DE ACEITE,3,I,,,"$0,00",06/07/2026,
KX182/1D,MAHLE,SCANIA,1,I,,,,06/08/2026,
KX79D,MAHLE,FILTRO DE COMBUSTIBLE,1,I,,,"$0,00",06/07/2026,
AC763,PRIX,FILTRO DE COMBUSTIBLE,2,I,KX268/D  ,,"$0,00",06/07/2026,
AC763/4,PRIX,FILTRO DE COMBUSTIBLE,2,I,FN953  ,,"$0,00",06/07/2026,
FDB75,VOX,,2,I,,,,06/08/2026,
FN953,VOX,FILTRO DE COMBUSTIBLE,4,I,,,"$0,00",06/07/2026,
KX80/1D,MAHLE,FILTRO DE COMBUSTIBLE,1,I,,,"$0,00",06/07/2026,
KX710D,MAHLE,FILTRO DE COMBUSTIBLE,2,I,,,"$0,00",06/07/2026,
KX24,MAHLE,FILTRO DE COMBUSTIBLE,2,I,,,"$0,00",06/07/2026,
OX161D,MAHLE,FILTRO DE ACEITE,3,I,,,"$0,00",06/07/2026,
HD 932-2 X,MAHLE,FILTRO HIDRAULICO,0,I,,,"$0,00",06/07/2026,
RE62419-JDC,JONH DEREE,FILT. COMBUSTIBLE,1,I,,,"$0,00",06/07/2026,
LX2046,MAHLE,,0,I,,,,06/08/2026,
BL-2156,LANSS,FILTRO DE ACEITE,3,I,OC613  ,,"$0,00",06/07/2026,
AA1395E,PRIX,F.AIRE,1,I,,,"$0,00",06/07/2026,
LA230,MAHLE,F.HABITACULO,0,I,,,"$0,00",06/07/2026,
AL19,PRIX,FILTRO DE ACEITE,2,I,OC60  ,,"$0,00",06/07/2026,
250034-122,SULLAIR,ELEMENTO SEPARADOR I° S.20/16,0,I,,"$1.354,00","$0,00",31/07/2026,
250034-134,SULLAIR,ELEMENTO SEPARADOR II° S.20/16,0,I,,"$1.033,30","$0,00",31/07/2026,
CE3022,VOX,,4,I,,,,06/08/2026,
FBS480/1,VOX,FILTRO DE COMBUSTIBLE,2,I,,,,,
FBD998/KC46,VOX,FILT. COMBUSTIBLE,2,J,,,"$0,00",06/07/2026,
250034-085,SULLAIR,ELEMTO. SEP-1º DEL 20 NEW,1,J,,"$1.597,50","$1.597,50",06/07/2026,
250034-085,P/SERVICIO,ELEMTO. SEP-1º DEL 20 NEW,9,-,,"$1.597,50","$14.377,50",06/07/2026,
02250048-734,SULLAIR,ELEMENTO SEPARADOR Il S.20 New,1,J,,"$1.029,80","$1.029,80",06/07/2026,
02250048-734,P/SERVICIO,ELEMENTO SEPARADOR Il S.20 New,9,-,,"$1.029,80","$9.268,20",06/07/2026,
C-2505,SAKURA,F.ACEITE,1,J,,,"$0,00",06/07/2026,
LE309,VOX,FILTRO DE ACEITE,1,J,,,"$0,00",06/07/2026,
OC175,MAHLE / TECFIL,FILTRO DE ACEITE,2,J,,,"$0,00",06/07/2026,
KC83,MAHLE,F.COMBUSTIBLE,1,J,FF5159 - P550385  ,,"$0,00",06/07/2026,
OC988,MAHLE VOX PRIX,FILTRO DE ACEITE,2,J,AL28/1  LB916   ,,"$0,00",22/07/2026,
KC595,MAHLE,FILT. COMBUSTIBLE,1,J,,,"$0,00",06/07/2026,
KC454,MAHLE,FILT. COMBUSTIBLE,2,J,,,"$0,00",06/07/2026,
KC454,MANN,FILT. COMBUSTIBLE,1,J,WK940/1  ,,"$0,00",06/07/2026,
KC28,MAHLE,FILT. COMBUSTIBLE,1,J,,,"$0,00",06/07/2026,
KC 381,MAHLE,FILT. COMBUSTIBLE,1,J,,,"$0,00",06/07/2026,
KC83,PRIX/VOX,FILT. COMBUSTIBLE,2,J,CFF003  ,,"$0,00",06/07/2026,
KC51,MAHLE,FILT. COMBUSTIBLE,1,J,,,"$0,00",06/07/2026,
KC182,MAHLE,FILT. COMBUSTIBLE,2,J,,,"$0,00",06/07/2026,
KC251,MAHLE,FILT. COMBUSTIBLE,0,J,,,"$0,00",06/07/2026,
KC647D,MAHLE,FILT. COMBUSTIBLE,4,J,,,"$0,00",06/07/2026,
KC647/1,MAHLE,FILT. COMBUSTIBLE,1,J,,,"$0,00",06/07/2026,
KC648/1,MAHLE,FILT. COMBUSTIBLE,2,J,,,"$0,00",06/07/2026,
KC637/1,MAHLE,FILT. COMBUSTIBLE,1,J,,,"$0,00",06/07/2026,
KC637D,MAHLE,FILT. COMBUSTIBLE,2,J,,,"$0,00",06/07/2026,
KC134,MAHLE,FILT. COMBUSTIBLE,1,J,,,"$0,00",06/07/2026,
KC381,MAHLE,FILT. COMBUSTIBLE,1,J,,,"$0,00",06/07/2026,
VP2780,DARMET,FILTRO DE AIRE,0,J,,,"$0,00",06/07/2026,
KC18 ,MAHLE,FILT. COMBUSTIBLE,2,J,,,"$0,00",06/07/2026,
KC118/1,MAHLE,FILT. COMBUSTIBLE,2,J,,,"$0,00",06/07/2026,
KC118/1,MANN,FILT. COMBUSTIBLE,1,J,,,"$0,00",06/07/2026,
KC186,MAHLE,FILT. COMBUSTIBLE,1,J,,,"$0,00",06/07/2026,
KC24,MAHLE,FILT. COMBUSTIBLE,4,J,,,"$0,00",06/07/2026,
KC509,DONALDSON,MAHLE FILT. COMBUSTIBLE,0,J,FF5626  ,,"$0,00",06/07/2026,
KC5,DONALDSON,FILT. COMBUSTIBLE,2,J,,,"$0,00",06/07/2026,
KC440,MAHLE,FILT. COMBUSTIBLE,1,J,KC188,,"$0,00",06/07/2026,
KC636,MAHLE,,1,J,,,,06/08/2026,
KC618,MAHLE,FILT. COMBUSTIBLE,1,J,,,"$0,00",06/07/2026,
OX339/2D,PRIX,FILTRO DE ACEITE,3,J,AL477,,"$0,00",06/07/2026,
OX834D,VOX,FILTRO DE ACEITE,3,J,LE108,,"$0,00",,
OX169D,MAHLE,FILTRO DE ACEITE,2,J,,,"$0,00",06/07/2026,
OX168D,MAHLE,FILTRO DE ACEITE,1,J,,,"$0,00",06/07/2026,
OX169/1D,MAHLE,FILTRO DE ACEITE,1,J,,,"$0,00",06/07/2026,
OX175D,VOX,FILTRO DE ACEITE,2,J,LE119   ,,"$0,00",06/07/2026,
OX388D,MAHLE,FILTRO DE ACEITE,1,J,,,"$0,00",06/07/2026,
OX188,MAHLE,FILTRO DE ACEITE,1,J,,,"$0,00",06/07/2026,
OX153D3,MAHLE,FILTRO DE ACEITE,1,J,,,"$0,00",06/07/2026,
OX562D,MAHLE,,1,J,,,,06/08/2026,
OX16/1D,MAHLE,FILTRO DE ACEITE,1,J,,,"$0,00",06/07/2026,
OX174D,VOX,FILTRO DE ACEITE,3,J,LE2002  ,,"$0,00",06/07/2026,
OX1052D,MAHLE,FILTRO DE ACEITE,2,J,,,"$0,00",06/07/2026,
OC1063,MAHLE,FILTRO DE ACEITE,1,J,,,"$0,00",06/07/2026,
OC324,MAHLE,FILTRO DE ACEITE,3,J,,,"$0,00",06/07/2026,
OC370,MAHLE,FILTRO DE ACEITE,1,J,,,"$0,00",06/07/2026,
OC282,MAHLE,FILTRO DE ACEITE,1,J,,,"$0,00",06/07/2026,
OC18,MAHLE,FILTRO DE ACEITE,3,J,,,"$0,00",06/07/2026,
OC1738,MAHLE,FILTRO DE ACEITE,1,J,,,"$0,00",06/07/2026,
OC502,MAHLE,,6,J,VOX LB283 - PRIX AL102 - TECFIL PSL283,,"$0,00",06/07/2026,
OC60,VOX,FILTRO DE ACEITE,0,J,LB962  ,,"$0,00",06/07/2026,
OC522,MAHLE,FILTRO DE ACEITE,1,J,,,"$0,00",06/07/2026,
OC501,MAHLE,FILTRO DE ACEITE,3,J,,,"$0,00",06/07/2026,
OC235,MAHLE,FILTRO DE ACEITE,3,J,,,"$0,00",06/07/2026,
OC1009,MAHLE,FILTRO DE ACEITE,3,J,,,"$0,00",06/07/2026,
OC26,MAHLE,FILTRO DE ACEITE,2,J,,,"$0,00",06/07/2026,
OC42,MAHLE,FILTRO DE ACEITE,1,J,,,"$0,00",06/07/2026,
OC41,MAHLE,FILTRO DE ACEITE,0,J,WD962  ,,"$0,00",06/07/2026,
OC67,MAHLE,FILTRO DE ACEITE,2,J,,,"$0,00",06/07/2026,
OC1253,MAHLE,FILTRO DE ACEITE,3,J,,,"$0,00",06/07/2026,
HLP5053,VOX,FILTRO DE AIRE,0,J,,,"$0,00",06/07/2026,
LB55,VOX,,5,J,LB55 - AL97 -  OC194 - OC195 - OC196,,"$0,00",06/07/2026,
LB300,VOX,FILTRO DE ACEITE,0,J,LF3000  ,,"$0,00",06/07/2026,
AL470/4,PRIX,FILTRO DE ACEITE,2,J,OX389/1D,,"$0,00",06/07/2026,
AL12,MAHLE,,6,J,PRIX-1374,,"$0,00",06/07/2026,
AL26,MAHLE,FILTRO DE AIRE,1,J,,,"$0,00",06/07/2026,
OC534,VOX,FILTRO DE ACEITE,1,J,LB134 ,,"$0,00",06/07/2026,
OC47,VOX,FILTRO DE ACEITE,1,J,LB562 ,,"$0,00",06/07/2026,
OC90,VOX,FILTRO DE ACEITE,5,J,LB619  ,,"$0,00",06/07/2026,
OX171/2D,VOX/PRIX,FILTRO DE ACEITE,2,J,AL473  ,,"$0,00",06/07/2026,
AL97,ECHANIZ,FILTRO DE ACEITE,0,J,,,"$0,00",06/07/2026,
LE677,VOX,,0,J,OX388D,,,06/08/2026,
1002-4663,SULLAIR,ELEM.SEPARADOR,2,J,,"$2.209,20","$4.418,40",06/07/2026,SEPARADO A COLORTEX
932000 10B NE,,,1,,,,"$0,00",06/07/2026,
241772,SULLAIR,FILTRO CEDAZO DE RETORNO,1,,,"$143,80","$143,80",06/07/2026,
´046701,SULLAIR,ELEMENTO FILTRO DE ACEITE,1,,,"$161,80","$161,80",06/07/2026,
4460465-JLG,SULLAIR,CONECTOR HEMBRA,9,,,,"$0,00",06/07/2026,
LXS41/1,,FILTRO DE AIRE SECUNDARIO,1,,,,"$0,00",06/07/2026,
AF25484,FLEETGUARD,FILTRO DE AIRE SECUNDARIO,2,,,,"$0,00",06/07/2026,
AC-19080,ECHANIZ,FILTRO DE COMBUSTIBLE,1,,,,"$0,00",06/07/2026,MUNI MALAGUEÑO
1001129845-JLG,SULLAIR,CONTROL MODULE SYSTEM 324RS,1,,,"$2.258,30","$2.258,30",06/07/2026,
02250106-789,IMP,OIL SEPARADOR,2,,,"$792,90","$1.585,80",06/07/2026,
250030-758,SULLAIR,ACEITE AWF,0,,,"$2.851,30","$0,00",06/07/2026,
34-08324,PELLACANI,ACTUADOR,0,,,,"$0,00",06/07/2026,
1006-3296,SULLAIR,KIT ELEMENTO SEPARADOR LS110,0,,,"$1.960,10","$0,00",06/07/2026,
45673,SULLAIR,CUBO DE ACOPLE L.UNIDAD S.10,0,,,"$619,20","$0,00",06/07/2026,
S00301-238,SULLAIR,CAPACITOR CORILUX 83MF 450V,0,,,"$45,00","$0,00",06/07/2026,
02250224-269,SULLAIR,ENFRIADOR AIR/ACEITE 7500,0,,,"$4.100,90","$0,00",06/07/2026,
0400055-JLG,SULLAIR,BATERIA 6V 375A**7016177/N,0,,,"$564,00","$0,00",06/07/2026,
02250242-636,SULLAIR,ELEM SEPAR p/LS160,0,,227-748,"$2.131,20","$0,00",06/07/2026,
250027-201,SULLAIR,BULBO DE TEMP.AGUA,0,,40653,"441,2","$0,00",06/07/2026,
`001104,SULLAIR,BULBO TEMPERATURA ACEITEP/185,0,,,"582,8","$0,00",06/07/2026,
1001092456-JLG,JLG,MODULO CONTROL P/2030 ES,0,,,"$3.408,60","$0,00",06/07/2026,
HP9834,,FILTRO DE AIRE,0,,,,"$0,00",06/07/2026,
HK301,,FILTRO HAB,0,,,,"$0,00",06/07/2026,
250006-938,SULLAIR,VALVULA DE SEGURIDAD,0,,,"$165,20","$0,00",06/07/2026,
042034RA,SULLAIR,VLV DRENAJE OSMI,0,,,"353,5","$0,00",06/07/2026,
70031074-TRA,SULLAIR,DISCO P/10042,0,,,130,"$0,00",06/07/2026,
70030307-TRA,SULLAIR,SEPARADOR,0,,,"58,5","$0,00",06/07/2026,
1319612-TRA,SULLAIR,ARO DE PISTON 30X2,0,,,418,"$0,00",06/07/2026,
1319593-TRA,SULLAIR,ORING 52X3,0,,,"42,6","$0,00",06/07/2026,
1319594-TRA,SULLAIR,ORING 115X3,0,,,"62,9","$0,00",06/07/2026,
8036190-TRA,SULLAIR,RODAMIENTO,0,,,"100,5","$0,00",06/07/2026,
02250235-913,SULLAIR,CUERPO DE VLV. TERMOSTATICA P1,0,,,"$485,60","$0,00",06/07/2026,
02250087-070,SULLAIR,CODO 90ª SAE 1,0,,,"$103,00","$0,00",06/07/2026,
02250093-806,SULLAIR,CONECTOR SAE 1 x 1 1/4,0,,,"$108,60","$0,00",06/07/2026,
02250098-622,SULLAIR,MANGUERA HID. 1 X 35,0,,,"$559,80","$0,00",06/07/2026,
826502-215,SULLAIR,O-RING VITON 1/8 X 1 1/16,0,,,"$5,20","$0,00",06/07/2026,
AC7983,PRIX,FILTRO DE COMBUSTIBLE,0,,,,"$0,00",06/07/2026,
241581,SULLAIR,VALVULA PRESION MINIMA,0,,,"$1.223,10","$0,00",06/07/2026,
`042582,SULLAIR,INDICADOR DE TEMPERATURA 2,0,,,"$672,80","$0,00",06/07/2026,
02250166-230,SULLAIR,KIT SEAL 5 INLET VALVE REPAI,0,,,"$1.719,20","$0,00",06/07/2026,
LX261,VOX,FILTRO DE ACEITE,0,,,,"$0,00",06/07/2026,
EF938,LANS,FILTRO DE AIRE,0,,,,"$0,00",06/07/2026,
EF939,LANS,FILTRO DE AIRE,0,,,,"$0,00",06/07/2026,
02250221-211,SULLAIR,VLV MEMBRANE,0,,,"$774,90","$0,00",06/07/2026,
8320265-TRA,Manip. SKY TRAK,ELEMTO.FILTRO HIDRAULICO,0,,,"$64,10","$0,00",06/07/2026,
02250145-625,SULLAIR NACIONAL,FLEXIBLE DESCARGA LS20,0,,,"$881,10","$0,00",06/07/2026,
248755,SULLAIR IMPORTADOS,SILENCIADOR,0,,,"$135,10","$0,00",06/07/2026,
7013301-JLG,SULLAIR,CONTACTOR CHANGE. P/30-40-45E,0,,,"$513,40","$0,00",06/07/2026,
P5113,ECHANIZ,FILTRO DE COMBUSTIBLE,0,,,,"$0,00",06/07/2026,
VP-1748,REPCENTER,FILTRO DE AIRE,0,,,,"$0,00",06/07/2026,
VP-1748/S,REPCENTER,FILTRO DE AIRE SECUNDARIO,0,,,,"$0,00",06/07/2026,
G-1316,REPCENTER,FILTRO DE COMBUSTIBLE,0,,,,"$0,00",06/07/2026,
FF5272,REPCENTER,FILTRO DE COMBUSTIBLE,0,,,,"$0,00",06/07/2026,
HF35305,REPCENTER,FILTRO HIDRAULICO,0,,,,"$0,00",06/07/2026,
HF9500,REPCENTER,FILTRO HIDRAULICO,0,,,,"$0,00",06/07/2026,
FS19914,REPCENTER,FILTRO DE COMBUSTIBLE,0,,,,"$0,00",06/07/2026,
LF3400,REPCENTER,FILTRO DE ACEITE,0,,,,"$0,00",06/07/2026,
LF16011,REPCENTER,FILTRO DE ACEITE,0,,,,"$0,00",06/07/2026,
FF149,REPCENTER,FILTRO DE COMBUSTIBLE,0,,,,"$0,00",06/07/2026,
VP-2709/S,REPCENTER,FILTRO DE AIRE SECUNDARIO,0,,,,"$0,00",06/07/2026,
250018-427,SULLAIR,CONECTOR 1/4 T x 1/8 NPT,0,,,"$12,20","$0,00",06/07/2026,
88290015-890,SULLAIR,FLTR V-TYPE P/SHOPTEK,0,,,"$42,90","$0,00",06/07/2026,
88290015-891,SULLAIR,TUBO 1/4 TRANSPARENTE P/ST,0,,,"$69,80","$0,00",06/07/2026,
68MR1600,SULLAIR,RESORTE THROTTLE VALVE,0,,,"$7,70","$0,00",06/07/2026,
68CJ0825,SULLAIR,O RING,0,,,"$5,30","$0,00",06/07/2026,
68723227,SULLAIR,ESLABON GIRATORIO,0,,,"$171,70","$0,00",06/07/2026,
68CJ0026,SULLAIR,O RING P/MPB-90A/60A,0,,,"$29,90","$0,00",06/07/2026,
68722579,SULLAIR,BUJE 1/14 HEX.,0,,,"$906,10","$0,00",06/07/2026,
68723244,SULLAIR,LEVA P/MART.,0,,,"$219,30","$0,00",06/07/2026,
68MR1301,SULLAIR,SPRING PLUNG,0,,250032-493,"$34,10","$0,00",06/07/2026,
68780320,SULLAIR,KIT ROLL PIN (2 PCS),0,,,"$60,90","$0,00",06/07/2026,
02250222-783,SULLAIR,ELECTROVALVULA RN250,0,,,"$587,70","$0,00",06/07/2026,
0140-4317,ONAN,ELEMENTO AIRE 1°,0,, AF25910-FLE,,"$0,00",06/07/2026,
0140-4318,ONAN,ELEMENTO AIRE 2°,0,,AF25911-FLE,,"$0,00",06/07/2026,
1001186466,SULLAIR,SENSOR TILT 1932R,0,,,"$993,40","$0,00",06/07/2026,
4360371,SULLAIR,SENSOR ,0,,,"$743,50","$0,00",06/07/2026,
179-9806,STAL,CAT,0,,,,"$0,00",06/07/2026,
EF-8033R,LANS,FILTRO DE AIRE,0,,,,"$0,00",06/07/2026,
EF-8034R,LANS,FILTRO DE AIRE,0,,,,"$0,00",06/07/2026,
´0937521,,,0,,,,"$0,00",06/07/2026,
1001146963-JLG,SULLAIR,SENSOR,0,,,"$545,70","$0,00",06/07/2026,
AF1638-FLE,FLEETGUARD,FILTRO DE AIRE,0,,,"$89,20","$0,00",06/07/2026,
122-0922-ONA,ONAN,FILTR DE ACEITE CON CABEZAL,0,,,"$18,10","$0,00",06/07/2026,
02250099-448,SULLAIR,BULBO CORTE DE TEMP.,0,,,"$337,50","$0,00",06/07/2026,
250041-801,SULLAIR,ACOPLE P/185Q JD U/C C/CHAVETA,0,,,"$2.766,10","$0,00",06/07/2026,
LXS37/1,,FILTRO DE AIRE SECUNDARIO,0,,,,"$0,00",06/07/2026,
02250177-150,SULLAIR,KIT VLV.CHECK P/S.20,0,,,"$890,60","$0,00",06/07/2026,
02250164-206,SULLAIR,CUBO DE ACOPLE LADO UNIDAD,0,,,"$504,00","$0,00",06/07/2026,
02250152-635,SULLAIR,CUBO DE ACOPLE LADO MOTOR,0,,,"$598,50","$0,00",06/07/2026,
7023543-JLG,JLG,VALVE PROPORTIONAL 2630ES,0,,,"$448,40","$0,00",06/07/2026,
1001186466,,SENSOR DUAL AXIS (OXC1),0,,,"$993,40","$0,00",06/07/2026,
02250097-349,SULLAIR,"VLV. SEGURIDAD 3/4""200",0,,,"$846,80","$0,00",06/07/2026,
02250223-411,SULLAIR,FLTR FUEL & H2O SEPARATOR,0,,,"$245,50","$0,00",06/07/2026,
02250220-866,SULLAIR,PUMP ELEC FUEL SUPPLY 12V,0,,,"$52,00","$0,00",06/07/2026,
140-4088-ONA,ONAN,ELEMENT FIL AIRE P/C22,0,,AF25904,"$36,70","$0,00",06/07/2026,
270016-419,SULLAIR,ELEM FILTRO COMB KUB 2403,0,,,"$92,00","$0,00",06/07/2026,
270016-627,SULLAIR,ELEM FILTRO ACEITE KUB 2403,0,,,"$58,00","$0,00",06/07/2026,
250024-272,SULLAIR,CILINDRO VELOCIDAD 3/4 X1,0,,,"$416,50","$0,00",06/07/2026,
7021581-JLG,SULLAIR,CUBIERTA IN240/55-17.5 P/E450A,0,,,"$549,60","$0,00",06/07/2026,
AH1135,FLEETGUARD,F.AIRE p/1000 kva,0,,EF-542,"$262,40","$0,00",06/07/2026,
4460467-JLG,SULLAIR,EXTRACTOR,0,,,"$4,80","$0,00",06/07/2026,
0400215-JLG,SULLAIR,BATERIA 6V 225 amp,0,,,"$264,00","$0,00",06/07/2026,
1318821,ITR - ITALIA,FILTRO DE AIRE SECUNDARIO CAT 320,0,,,,"$0,00",06/07/2026,
1318822,ITR - ITALIA,FILTRO DE AIRE PRIMARIO CAT 320,0,,,,"$0,00",06/07/2026,
1R1804,ITR - ITALIA,FILTRO ELEMENTO DE COMBUSTIBLE,0,,,,"$0,00",06/07/2026,
3223155,ITR - ITALIA,FILTRO ELEMENTO DE ACEITE MOTOR,0,,,,"$0,00",06/07/2026,
5I8670,ITR - ITALIA,FILTRO HIDRAULICO,0,,,,"$0,00",06/07/2026,
937521,ITR - ITALIA,FILTRO HIDRAULICO 320,0,,,,"$0,00",06/07/2026,
4385386,ITR - ITALIA,FILTRO DE COMBUSTIBLE,0,,,,"$0,00",06/07/2026,
B1806380-SAG,SULLAIR,PUNTA LAPIZ,0,,,"$1.038,60","$0,00",06/07/2026,
02250209-582,SULLAIR,MANGUERA,0,,,"$93,00","$0,00",06/07/2026,
´042988,SULLAIR,HOROMETRO,0,,,"$415,10","$0,00",06/07/2026,
191-2460-ONA,SULLAIR,MOTOR DE ARRANQUE,0,,,"$989,90","$0,00",13/07/2026,
AF25570,SULLAIR,FILTRO AIRE PRIMARIO,0,,,"$122,50","$0,00",06/07/2026,
AF25571,SULLAIR,FILTRO AIRE II° P/C150 D5,0,,,"$68,10","$0,00",06/07/2026,
270002-709,SULLAIR,VENTILADOR,0,,,"$256,90","$0,00",13/07/2026,
4954905-CMM,SULLAIR,SENSOR DE TEMP. QSK60/HSK78,0,,,"$13,60","$0,00",,
`001692,SULLAIR,TR.AGUA KIT (P/408389)S.20,0,,,"$154,00","$0,00",,
250018-008,SULLAIR,"CUBO ACOPLE 1 3/4""",0,,,"$643,20","$0,00",,
´000751,SULLAIR,CUBO ACOPLE SAGA 22 LM 60MM,0,,,"$820,80","$0,00",,
41992,SULLAIR,"ABRAZADERA A CREMALLERA 7""",0,,,"$61,90","$0,00",23/07/2026,
4360328S-JLG,SULLAIR,SWITCH TOGGLE,0,,,"$22,20","$0,00",23/07/2026,
02250183-035,SULLAIR,KIT SUPERVISOR CONTROLLER,0,,,"$6.422,60","$0,00",23/07/2026,
DZ120070,JONH DEERE,,1,,,,"$0,00",11/08/2026,
,,,,,,,"$0,00",,
,,,,,,,"$0,00",,
,,,,,,,"$0,00",,
,,,,,,,"$0,00",,
,,,,,,,"$0,00",,
,,,,,,,"$0,00",,
,,,,,,,"$0,00",,
,,,,,,,"$0,00",,
,,,,,,,"$0,00",,
,,,,,,,"$0,00",,
,,,,,,,"$0,00",,
,,,,,,,"$0,00",,
,,,,,,,"$0,00",,
,,,,,,,"$0,00",,
,,,,,,,"$0,00",,
,,,,,,,"$0,00",,
,,,,,,,"$0,00",,
,,,,,,,"$0,00",,
,,,,,,,"$0,00",,
,,,,,,,"$0,00",,
,,,,,,,"$0,00",,
,,,,,,,"$0,00",,
,,,,,,,"$0,00",,
,,,,,,,"$0,00",,
,,,,,,,"$0,00",,
,,,,,,,"$0,00",,
,,,,,,,"$0,00",,
,,,,,,,"$0,00",,
,,,,,,,"$0,00",,
,,,,,,,"$0,00",,
,,,,,,,"$0,00",,
,,,,,,,"$0,00",,
,,,,,,,"$0,00",,
,,,,,,,"$0,00",,
,,,,,,,"$0,00",,
,,,,,,,"$0,00",,
,,,,,,,"$0,00",,
,,,,,,,"$0,00",,
,,,,,,,"$0,00",,
,,,,,,,"$0,00",,
,,,,,,,"$0,00",,
,,,,,,,"$0,00",,
,,,,,,,"$0,00",,
,,,,,,,"$0,00",,
,,,,,,,"$0,00",,
,,,,,,,"$0,00",,
,,,,,,,"$0,00",,
,,,,,,,"$0,00",,
,,,,,,,"$0,00",,
,,,,,,,"$0,00",,
,,,,,,,"$0,00",,
,,,,,,,"$0,00",,
,,,,,,,"$0,00",,
,,,,,,,"$0,00",,
,,,,,,,"$0,00",,
,,,,,,,"$0,00",,
,,,,,,,"$0,00",,
,,,,,,,"$0,00",,
,,,,,,,"$0,00",,
,,,,,,,"$0,00",,
,,,,,,,"$0,00",,
,,,,,,,"$0,00",,
,,,,,,,"$0,00",,
,,,,,,,"$0,00",,
,,,,,,,"$0,00",,
,,,,,,,"$0,00",,
,,,,,,,"$0,00",,
,,,,,,,"$0,00",,
,,,,,,,"$0,00",,
,,,,,,,"$0,00",,
,,,,,,,"$0,00",,
,,,,,,,"$0,00",,
,,,,,,,"$0,00",,
,,,,,,,"$0,00",,
,,,,,,,"$0,00",,
,,,,,,,"$0,00",,
,,,,,,,"$0,00",,
,,,,,,,"$0,00",,
,,,,,,,"$0,00",,
,,,,,,,"$0,00",,
,,,,,,,"$0,00",,
,,,,,,,"$0,00",,
,,,,,,,"$0,00",,
,,,,,,,"$0,00",,
,,,,,,,"$0,00",,
,,,,,,,"$0,00",,
,,,,,,,"$0,00",,
,,,,,,,"$0,00",,
,,,,,,,"$0,00",,
,,,,,,,"$0,00",,
,,,,,,,"$0,00",,
,,,,,,,"$0,00",,
,,,,,,,"$0,00",,
,,,,,,,"$0,00",,
,,,,,,,"$0,00",,
,,,,,,,"$0,00",,
,,,,,,,"$0,00",,
,,,,,,,"$0,00",,
,,,,,,,"$0,00",,
,,,,,,,"$0,00",,
,,,,,,,"$0,00",,
,,,,,,,"$0,00",,
,,,,,,,"$0,00",,
,,,,,,,"$0,00",,
,,,,,,,"$0,00",,
,,,,,,,"$0,00",,
,,,,,,,"$0,00",,
,,,,,,,"$0,00",,
,,,,,,,"$0,00",,
,,,,,,,"$0,00",,
,,,,,,,"$0,00",,
,,,,,,,"$0,00",,
,,,,,,,"$0,00",,
,,,,,,,"$0,00",,
,,,,,,,"$0,00",,
,,,,,,,"$0,00",,
,,,,,,,"$0,00",,
,,,,,,,"$0,00",,
,,,,,,,"$0,00",,
,,,,,,,"$0,00",,
,,,,,,,"$0,00",,
,,,,,,,"$0,00",,
,,,,,,,"$0,00",,
,,,,,,,"$0,00",,
,,,,,,,"$0,00",,
,,,,,,,"$0,00",,
,,,,,,,"$0,00",,
,,,,,,,"$0,00",,
,,,,,,,"$0,00",,
,,,,,,,"$0,00",,
,,,,,,,"$0,00",,
,,,,,,,"$0,00",,
,,,,,,,"$0,00",,
,,,,,,,"$0,00",,
,,,,,,,"$0,00",,
,,,,,,,"$0,00",,
,,,,,,,"$0,00",,
,,,,,,,"$0,00",,
,,,,,,,"$0,00",,
,,,,,,,"$0,00",,
,,,,,,,"$0,00",,
,,,,,,,"$0,00",,
,,,,,,,"$0,00",,
,,,,,,,"$0,00",,
,,,,,,,"$0,00",,
,,,,,,,"$0,00",,
,,,,,,,"$0,00",,
,,,,,,,"$0,00",,
,,,,,,,"$0,00",,
,,,,,,,"$0,00",,
,,,,,,,"$0,00",,
,,,,,,,"$0,00",,
,,,,,,,"$0,00",,
,,,,,,,"$0,00",,
,,,,,,,"$0,00",,
,,,,,,,"$0,00",,
,,,,,,,"$0,00",,
,,,,,,,"$0,00",,
,,,,,,,"$0,00",,
,,,,,,,"$0,00",,
,,,,,,,"$0,00",,
,,,,,,,"$0,00",,
,,,,,,,"$0,00",,
,,,,,,,"$0,00",,
,,,,,,,"$0,00",,
,,,,,,,"$0,00",,
,,,,,,,"$0,00",,
,,,,,,,"$0,00",,
,,,,,,,"$0,00",,
,,,,,,,"$0,00",,
,,,,,,,"$0,00",,
,,,,,,,"$0,00",,
,,,,,,,"$0,00",,
,,,,,,,"$0,00",,
,,,,,,,"$0,00",,
,,,,,,,"$0,00",,
,,,,,,,"$0,00",,
,,,,,,,"$0,00",,
,,,,,,,"$0,00",,
,,,,,,,"$0,00",,
,,,,,,,"$0,00",,
,,,,,,,"$0,00",,
,,,,,,,"$0,00",,
,,,,,,,"$0,00",,
,,,,,,,"$0,00",,
,,,,,,,"$0,00",,
,,,,,,,"$0,00",,
,,,,,,,"$0,00",,
,,,,,,,"$0,00",,
,,,,,,,"$0,00",,
,,,,,,,"$0,00",,
,,,,,,,"$0,00",,
,,,,,,,"$0,00",,
,,,,,,,"$0,00",,
,,,,,,,"$0,00",,
,,,,,,,"$0,00",,
,,,,,,,"$0,00",,
,,,,,,,"$0,00",,
,,,,,,,"$0,00",,
,,,,,,,"$0,00",,
,,,,,,,"$0,00",,
,,,,,,,"$0,00",,
,,,,,,,"$0,00",,
,,,,,,,"$0,00",,
,,,,,,,"$0,00",,
,,,,,,,"$0,00",,