CÓDIGO,PROVEEDOR,DESCRIPCIÓN,STOCK,UBICACIÓN,,,FLUIDOS,,
02250057-036,P/SERVICIO,KIT RETEN P/S10-P10,0,CAJONES,,,250022-669,SULLUBE 32 ACEITE x 5GAL,32
02250057-036,SULLAIR,KIT RETEN P/S10-P10,1,CAJONES,,,02250196-470,PRISTINE,6
88290014-534,SULLAIR,SENS. TEMPERATURA P/ST,2,CAJONES,,,CC2825-FLE,Compleat EG Premix 50/50 x1Gal,6
250039-910,SULLAIR,TRANSDUCER PRES0-250,4,CAJONES,,,CC2848-FLE,Compleat EG Premix 50/50 x1Gal,5
408893,SULLAIR,VALVE SHUTTLE 1/4 (DBL CHK),13,CAJONES,,,250022-670,SULLUBE ACEITE 32 TAMBOR 55GL,0
`040588,SULLAIR,SENSOR TEMPERATURA 240 F.M.C.,3,CAJONES,,,S00801-038/B20,AC AZOLLA ZS32 x 20,1
02250129-175,SULLAIR,KIT DE AUTODRENAJE PARA WS700,0,CAJONES,,,250030-757,ACEITE AWF 5GL,1
02250049-634,SULLAIR,VALVULA DESPRESURIZADOR ALIVIO,7,CAJONES,,,,,
02250155-536,SULLAIR,TRANSDUCER PRES0-250,0,CAJONES,,,,,
02250112-031,SULLAIR,KIT F.AIRE P/S.20 (del -032),3,CAJONES,,,,,
02250105-553,P/SERVICIO,KIT VLV. TERMOSTATICA,3,CAJONES,,,,,
02250105-553,SULLAIR,KIT VLV. TERMOSTATICA,1,CAJONES,,,,,
02250100-042,SULLAIR,VLV DESPRESU 250 PSIG - ALIVIO,2,CAJONES,,,,,
02250166-220,SULLAIR,KIT INL REPAIR 5 VALVE,1,CAJONES,,,,,
´001151,SULLAIR,KIT REPAIR-14654 OIL STOP VLV.,0,CAJONES,,,,,
02250110-727,SULLAIR,KIT REP VLV PRES MIN S12LFREE*,1,CAJONES,,,,,
250022-782,SULLAIR,RESORTE CIL VEL P/185Q,0,CAJONES,,,,,
250026-758,SULLAIR,KIT REP. VLV MINIMA P/241581,0,CAJONES,,,,,
250017-280,SULLAIR,VALV. REG. DE PRESION P/LS10,1,CAJONES,,,,,
250031-438,P/SERVICIO,JGO.REP.VAL.POPPET-S12/10-50,13,CAJONES,,,,,
250031-438,SULLAIR,JGO.REP.VAL.POPPET-S12/10-50,0,CAJONES,,,,,
001078RA,SULLAIR,KIT REP. CEDAZO RETORNO,5,CAJONES,,,,,
001128-B-RA,SULLAIR,KIT ELECTROVLV. S/TRINQUETE,0,CAJONES,,,,,
250025-870,SULLAIR,CONECTOR 1/8 TUBO X 5/16 -18,1,CAJONES,,,,,
250025-412,SULLAIR,MANGUITO P/6E,1,CAJONES,,,,,
02250092-081,SULLAIR,ELEMENTO VLV TERMOSTATICA 195°,0,CAJONES,,,,,
´044905,SULLAIR,VALVULA,0,CAJONES,,,,,
049905RA,SULLAIR,VLV. RETENC.1/4 1 VIA,6,CAJONES,,,,,
041742RA,SULLAIR,LAMINAS P/VLV.REG.PRES. KIT,2,CAJONES,,,,,
250019-453,P/SERVICIO,KIT.REP.VALV.REG. P.AIRE,2,CAJONES,,,,,
250019-453,SULLAIR,KIT.REP.VALV.REG. P.AIRE,4,CAJONES,,,,,
02250155-174,SULLAIR,SENSOR ELECT.PRESION 0-250,4,CAJONES,,,,,
02250110-988,SULLAIR,KIT REP. VLV MINIMA P/241581,1,CAJONES,,,,,
`021172,SULLAIR,ARANDELA DE RESPALDO,8,CAJONES,,,,,
`027441,SULLAIR,SEAL VITON MPV(OLD 025693),1,CAJONES,,,,,
`040091,SULLAIR,TACO AMORTIG TABLERO,0,CAJONES,,,,,
02250050-363,P/SERVICIO,RETEN U.C.S.12NEW(250001-900)*,5,CAJONES,,,,,
02250050-363,SULLAIR,RETEN U.C.S.12NEW(250001-900)*,2,CAJONES,,,,,
250019-451,P/SERVICIO,KIT REPARACION VLV POPPET,0,CAJONES,,,,,
250019-451,SULLAIR,KIT REPARACION VLV POPPET,2,CAJONES,,,,,
001175RA,SULLAIR,CJTO.DE SELLOS P/FILTRO,1,CAJONES,,,,,
`047630,SULLAIR,TACO GOMA P.MOTOR 185Q(04688),2,CAJONES,,,,,
02250117-782,SULLAIR,F.CEDAZO TIPO V 300PSI x 1/4,1,CAJONES,,,,,
02250092-529,SULLAIR,VARIOS,0,CAJONES,,,,,
´046559,SULLAIR,VISOR RECUPERAD (VER046559RA),1,CAJONES,,,,,
250025-621,SULLAIR,KIT REP.VLV.TERMOST.250025-620,1,CAJONES,,,,,
250039-909,SULLAIR,TERMISTOR RTD 100 OHM 12 3.5,3,CAJONES,,,,,
´042004,SULLAIR,ART. ESF. HEM. IZQ 5/16 24UNF,6,CAJONES,,,,,
250011-597,SULLAIR,ART. ESF. HEMB. DER. 1/4 28 U,1,CAJONES,,,,,
250011-578,SULLAIR,ART. ESF. HEMB. IZQ. 1/4,1,CAJONES,,,,,
049737RA,SULLAIR,TAPA COMBUST.P/SULL/ONAN/JLG,0,CAJONES,,,,,
02250127-176,SULLAIR,PURGAS DRENAJE,8,CAJONES,,,,,
88290014-514,SULLAIR,SENSOR DE PRESION p/ SHOPTEK,7,CAJONES,,,,,
02250078-204,SULLAIR,ELEMENTO VÁLVULA TERMOSTATICA,2,CAJONES,,,,,
02250058-087,SULLAIR,TERMISTOR RTD 100 P/DS 20 6.0,4,CAJONES,,,,,
`040541,SULLAIR,JUNTA VALVULA DE RETENCION,1,CAJONES,,,,,
´047628,,TACO GOMA MOTOR 185Q (046879),1,CAJONES,,,,,
250025-364,SULLAIR,BULBO TEMPERATURA,1,ESTANTE ,,,,,
02250193-535,SULLAIR,KIT DRAIN,4,CAJONES,,,,,
´049796,SULLAIR,ELEMTO ACOPLE REX E-40 P/ S16,3,ESTANTE ,,,,,
406631,SULLAIR,ELEMENTO DE ACOPLE E-50,5,ESTANTE ,,,,,
250018-551,SULLAIR,ELEMTO. ACOPLE SAGA 12-60,3,ESTANTE ,,,,,
822204-000,SULLAIR,NIPLE 1/4 NPT SCH80 CORTO 22MM,2,CAJONES,,,,,
241771,SULLAIR,FILTRO TIPO V 300 PSI x 1/4,1,CAJONES,,,,,
02250115-272,SULLAIR,VALVULA CHECK 1/4,0,CAJONES,,,,,
810504-012,SULLAIR,CODO 90¬ 1/4 T x 1/8 NPT M.,2,CAJONES,,,,,
02250164-606,SULLAIR,KIT DE REPARACION INLET VALVE,2,ESTANTE ,,,,,
HAD-20B,IMPORTADO,PURGADOR AUTOMATICO,17,ESTANTE ,,,,,
8223054-TRA,SULLAIR,SWITCH PARK BRAKE,0,ESTANTE ,,,,,
02250100-095,SULLAIR,SWITCH TEMP.240ªF NC 3/4 SAE,3,CAJONES,,,,,
1089-0708-11,SULLAIR,TEMPERATURE SWITCH,1,ESTANTE ,,,,,
02250155-175,SULLAIR,P THERMISTER 3000 OHM NTC 6 L,3,CAJONES,,,,,
A028X493-ONA,ONAN,BULBO PRES ACE (ex 193-0444),1,CAJONES,,,,,
K65BAA,JEFFERSON,KIT DE REPARACION ,1,CAJONES,,,,,
K23AA,JEFFERSON,KIT DE REPARACION ,1,CAJONES,,,,,
´045672,SULLAIR,BANDA DE ACOPLE S.10,1,ESTANTE ,,,,,
4360469S-JLG,SULLAIR,SWITCH KEY E45 600 1200,1,CAJONES,,,,,
250041-638,SULLAIR,SWITCH ENG OIL PRESS,1,CAJONES,,,,,
02250171-245,SULLAIR,KIT DE REPARACION VALV.DRENAJE,1,CAJONES,,,,,
02250176-856,SULLAIR,KIT REP. VLV ENTRADA P/SHOPTEK,1,ESTANTE ,,,,,
02250176-967,SULLAIR,KIT REP VLV ENT P/WS0500/0700,1,ESTANTE ,,,,,
270021-405,SULLAIR,CILINDRO DE VELOCIDAD ,1,CAJONES,,,,,
242429,SULLAIR,GASKET OIL STOP VALVE,1,CAJONES,,,,,
´041619,SULLAIR,O RING CUADRADO,1,CAJONES,,,,,
001177RA,SULLAIR,KIT REP. VLV. PRESION MINIMA,1,CAJONES,,,,,
011579RA,SULLAIR,KIT SULLICON(41269 + 41270),1,ESTANTE ,,,,,
828406-150,SULLAIR,BULON CAB FERRY 3/8-16 x 1 1/2,8,CAJONES,,,,,
250035-041,SULLAIR,PIN DRIVE,8,CAJONES,,,,,
882806-150,SULLAIR,"CAPSCR, HEX 3/8-24 X 1 1/2 PLT",8,CAJONES,,,,,
250040-924,SULLAIR,CHAVETA,1,CAJONES,,,,,
005898-010,SULLAIR,ADHESIVO,1,CAJONES,,,,,
250035-375,SULLAIR,CUBO DE ACOPLE,1,ESTANTE ,,,,,
250028-036,SULLAIR,JGO.REP.TERMOSTATO,0,ESTANTE ,,,,,
02250222-539,SULLAIR,,1,ESTANTE ,,,,,
02250155-971,SULLAIR,"KIT, INLET VLV REPAIR",1,ESTANTE ,,,,,