codigo,descripcion,proveedor,equivalencias,precio,uso_destino
02250209-667,MANGUERA LP F-JIC 1.5 X 21 LG,ITR - ITALIA | SULLAIR,,590.5,
02250209-581,MANGUERA 5/8 ID - CONEXIÓN REC,SULLAIR,,454.5,
02250209-579,MANGUERA HIDRAU. 3/4 X 48 LG,SULLAIR,,538.7,
´042582,INDICADOR DE TEMP.,SULLAIR,,,
88290018-640,CONTROLADOR p/ SHOPTEK,SULLAIR,,1890.9,
ESD5500E,SPEED CONTROL UNIT,IMP,,,
2004438,SENSOR BULBO DE PRESION SCANIA,PELLACANI,,,
250023-218,DISTANCIADOR 375Q,SULLAIR,,,
3655944,,IMP,,,
ADC120-12,ELECTRIC ACTUADOR 12V | ELECTRIC ACTUADOR 24V,IMP,,,
250023-340,CHAVETA 375Q,SULLAIR,,,
`040930,JUNTA UNION FLEXIBLE,SULLAIR,,132.3,
0250025-001,-,SULLAIR,,,
826502-232,O-RING VITON 2 3/4 X 1/8,SULLAIR,,36.4,
250022-782,RESORTE CIL VEL P/185Q,SULLAIR,,44.3,
02250155-536,TRANSDUCER PRES0 | TRANSDUCER PRES0-250 1-5VD | TRANSDUCER PRES0-250,SULLAIR,,2106,
`040523,JUNTA FLEXMASTER 3 S.20,SULLAIR,,182.5,
02250166-967,-,SULLAIR,,,
`040091,TACO AMORTIG TABLERO,SULLAIR,,49.5,
`040649,FLEXMASTER 2 1/2,SULLAIR,,,
02250152-810,FLG KIT SAE SPLIT 2 M12 X 30,SULLAIR,,121.5,
307-3070,RELAY 12V,CUMMINS,,131.7,
250040-904,KIT DOOR LATCH,SULLAIR,,223.8,
68722536,RETEN,SULLAIR,,24.4,
7010944,FLEX COUP.KIT,SULLAIR,,90.3,
250006-526,RESORTE LUZ DE CONTROL,SULLAIR,,142.5,
02250209-583,MANGUERA HIDRAU. 3/4 X 60 LG,SULLAIR,,417.2,
`001684,JGO REP VLV RETENCION (SELLOS),SULLAIR,,162.5,
S/C,RETEN REDUCTOR E450 A/AJ | VLV SOLENOIDE | -,- | IMPORTADO | JOHN DEERE,,,
4954473,JUNTA DE BOMBIN COMB p/ QSX15,CUMMINS,,87,
0357-0030,RECTIF. 6AMP P/DQKB/5NHD QSK60,CUMMINS,,31,
267351,-,LUMMUS,,,
3921642,-,CUMMINS,,,
300-2812,PLAQ.12LUCES (EX300-2812),ONAN,,4693,
300-4750,,ONAN,,,
1810716,-,ONAN,,,
300-4308,,ONAN,,,
300-4296,PLAQ.ENCENDIDO ECM 12LUCES 12V,ONAN,,5720.8,
300-5148-04,MODULO,ONAN,,602,
0327-1513,PLAQUETA,CUMMINS,,,
300-3953-01,,ONAN,,,
4935095,BOMBIN COMB. 24V p/QSX15,SULLAIR,,1057,
0300-4819,PLAQUETA (PC) P/DFHA/B/C,CUMMINS,,4387.8,
300-5179,PANEL OPERADOR P/QSX15,CUMMINS,,3145.7,
02250049-415,MANGUITO 1-15/16 P/375 JDC,SULLAIR,,670.2,
300-6207-01,CARG C/ SOPORTE F. LOTE 12V/10,ONAN,,306,
250021-755,MANOMETRO PRESION AIRE,SULLAIR,,369.1,
02250152-678,CVR CPLG ELEMENT 20R,SULLAIR,,186.1,
02250152-670,ELEM CPLG 20R P/P16,SULLAIR,,323.5,
02250152-679,COBERTOR ELEMENTO DE ACOPLE,SULLAIR,,228.2,
02250152-671,ELEMENTO DE ACOPLE,SULLAIR,,454.2,
1060300,CABLE 16/3 P/FT,SULLAIR,,9.9,
02250152-669,ACOPLE ELASTICO P/1100/2200,SULLAIR,,186.1,
02250152-677,CVR CPLG ELEMENT 10R,SULLAIR,,148.4,
249608-014,HOSE MED PRESS 0.50 X 017,SULLAIR,,92.3,
`047398,VALVULA REGULADORA DE AGUA,SULLAIR,,,
1801500,RESISTENCIA PRE CALENTADOR,SULLAIR,,,
357-0030,RECTIF. 6AMP P/DQKB/5NHD QSK60,CUMMINS,,31,
02250049-020,KIT SEAL UCS.20 (02250047-091),SULLAIR,,1868.4,
-,DRENAJE AUTOMATICO | FILTRO HABITACULO HILUX,SULLAIR,,,
02250155-714,VLV SOL 3WNO 1/4 250# 24VDC,SULLAIR,,735.8,
040528RA,ELECTROVALVULA (= 586 Asco),SULLAIR,,584.3,
270001-030,VLV SOL. 110v. 1 via arriba JEFFERSON,SULLAIR,,398.7,
250025-621,KIT REP.VLV.TERMOST.250025-620,SULLAIR,,766.6,
88290015-219,VLV.SOLENOIDE P/SHOPTEK,SULLAIR,,841.8,
02250053-273,KIT. REP. ADMISIÓN VLV. 6,SULLAIR IMPORTADO,,1214.1,
`040771,JUNTA FLEXMASTER 3 1/2,SULLAIR,,255.3,
250028-762,ELEM VLV.TERMOSTATICA 190°F,SULLAIR IMPORTADO,,262.5,
02250182-546,PURGADOR MAGNETICO ZERO AIR,SULLAIR IMPORTADO,,215.7,
270008-586,VLV.SOLE 3VIA 110V*NO JEFFERSO,SULLAIR IMPORTADO,,386,
02250047-679,VALVULA DE SEGURIDAD,SULLAIR IMPORTADO,,949.3,
02250103-131,KIT DISCO VLV DE RET SM 106,SULLAIR,,,
´040307,HOROMET.MEC.TAQ.(042029) P/GM,SULLAIR,,,
´011531,KIT (OLD 011601),SULLAIR,,262.5,
405815-001,SILENCIADOR (SAR 105-190),SULLAIR,,239.3,
´042034,TRAMPA AUT.,SULLAIR,,984,
250017-451,INDICADOR DIFERENC. MPH/MPF,SULLAIR,,,
02250129-683,TRAMPA DRENAJE SR 2 al 100,SULLAIR,,1032.7,
250005-185,IND PRESION 2 DIAM. 0-200,SULLAIR,,,
250004-641,ELEMENTO DE ACOPLE 12-60 IMP.,SULLAIR,,1016.9,
´001105,KIT FILTRO ACEITE CEDAZO,SULLAIR,,,
250040-892,,SULLAIR,,,
02250125-856,BOBINA P/SOLENOIDE 6E,SULLAIR,,325.7,
02250125-657,VLV.SOLENOIDE DE 3 VIAS *,SULLAIR,,830.4,
02250226-353,CONTROLADOR P/RFA 230V,SULLAIR,,1004.9,
02250125-705,VALVULA SOLENOIDE EX049827,SULLAIR,,1361.4,
250031-431,VALVULA SOLENOIDE 4 VIAS 1/4,SULLAIR,250025-516,3333.8,
02250056-838,KIT DEFLECTOR P/TRAMPA SRD125,SULLAIR,,,
250025-362,MANOMETRO (GAUGE OIL PRESSURE),SULLAIR,,496.8,
´047536,TACO AMORTIGUANTE TRASERO,SULLAIR,,312.6,
250016-394,RESORTE COM 2.69 X 5.80 30LBS,SULLAIR,,106.3,
02250129-626,SWITCH PR SR70/125/3000,SULLAIR,,553.3,
02250048-822,JUNTA PANEL SUPERVISOR II,SULLAIR,,70,
02250127-175,KIT REP FILTRO SEP COND s10LF,SULLAIR,,306.8,
C635-0011-03-ONA,IND. NIVEL DE COMBUSTIBLE C300,ONAN,,160.7,
C635-0011-01-ONA,IND. NIVEL DE COMBUSTIBLE,ONAN | SULLAIR,,103.6,
02250136-694,INDICADOR DE TEMPERATURA,SULLAIR,,520.1,
1001109498,MODULE PLAT. CONSOLE P/E45A,JLG,,,
2200902017,KIT WEAR DRAIN,ATLAS,,,
1622-7064-04,VALVULA TERMOSTATICA,ATLAS,,,
CWM150E,CONTACTOR BOBINA ELEC. 110V,WEG,,1258.1,
4360470-JLG,SWITCH IGNITION,SULLAIR,,62.7,
LA7 D1064,,TELEMECANIQUE,,,
3084891,,,,,
4935094,BOMBIN COMBUSTIBLE p/ QSX15,CUMMINS,,,
206996,CORREA DE CAUCHO (C),CUMMINS,,,
110-3737,JUNTA,ONAN,,67,
215041,TUBE WATER TRANSFERENCE,CUMMINS,,160,
610128,MODULE PLAT. CONSOLE P/E45A,JLG,,1933.6,
300-4054,-,ONAN,,,
0300-5146,CIRCUIT BOARD,CUMMINS,,2202.6,
191-1949-07,ARRANQUE 33 AW,ONAN,,912.5,
02250215-617,KIT ELEMENTO SEPARADOR P10 | KIT ELEM. SEPARADOR P10,IMPORTADO | SULLAIR,,600.9,
8250-1505,-,CUMMINS,,,
A41018-B&L,PUNTAS DE MARTILLO,- | SULLAIR,,53,
3904981,ALT FAN (C),CUMMINS,,77.4,
306-4287,-,CUMMINS,,,
300-5372,-,SULLAIR,,,
300-5985,MODULO CONTROL TS1311 P/GT,ONAN,,2491.8,
0191-2216,ARRANCADOR,ONAN,,,
418-0098,-,ONAN,,,
307-0623-ONA,RELAY (O),ONAN,,,
´03004271,ALARM BOARD,ONAN,,,
418-0531,-,ONAN,,,
307-9828,-,ONAN,,,
302-1147,AMMETER (O),ONAN,,407.3,
307-0845,RELAY (O),ONAN,,101.1,
305-0781,RECTIFICADOR (O),ONAN,,,
302-1864,AMMETER (O),ONAN,,,
510-0171,RETEN (O),ONAN,,,
302-0807,METER AMP (O),ONAN,,255.8,
112-0085,RING RETAINING,ONAN,,9.4,
110-3604,RETEN DE VLV. P/5NHD (TELEFE),ONAN,,20,
309-0561,PRESSURE SWITCH (O),ONAN,,,
380-4744,-,CUMMINS,,,
309-0269,SWITCH BAJA TEMP. MOTOR PCC,ONAN,,160.1,
115-0129,VALVULA DE ADMISION,ONAN,,,
308-0784,SWITCH SELECTOR (O),ONAN,,88.9,
353-0094-01,RESISTOR (O),ONAN,,47.9,
307-0628,RELAY (O),ONAN,,,
115-0127,BALL PIVOT,ONAN,,,
1812635Q169,-,ONAN,,,
110-1220,RETAINER VALVE SPRING,ONAN,,107.2,
110-1870,EXHAUST,ONAN,,94,
115-0128,VALVULA DE ESCAPE,ONAN,,,
320-1601-01,-,ONAN,,,
302-1844,METER AMP-DC (O),ONAN,,,
250000-103,LUZ PILOTO ROJO XB4-BV64,ONAN,,,
505-0089,-,ONAN,,,
300-3115-02,BOARD 60 SECONDS (O),ONAN,,1054,
302-1642,VOLTMETER (O),ONAN,,414,
357-0093,RECTIFICADOR,ONAN,,,
193-0375,SENSOR DE TEMPERATURA.- | SENSOR DE TEMPERATURA,ONAN,,68.4,
312-0203,CAPACITOR (O),ONAN,,,
303-0261,POTENCIOMETRO,ONAN,,634.9,
307-1058,RELE,ONAN,,76.9,
154-0712,HEATER INTAKE (O),ONAN,,,
226-4530,-,ONAN,,,
300-5151,-,ONAN,,,
302-1859-01,HOROMETRO (O),ONAN,,,
309-0438,SWITCH (O),ONAN,,,
300-4099,EMERG STOP KIT,ONAN,,,
300-3160,PCB ASSY-BAT(O),ONAN,,,
0309-0649,TERM DE PRECA. P/VTA-KTA-DQKB,ONAN,,376,
307-2577,RELOJ DE EJECICIO P/OT600,ONAN,,1550.4,
191-1953,BENDIX DE ARRANQUE,ONAN,,440.1,
0320-0876,BRACKER CIRCUIT(O),ONAN,,172.9,
320-0505,CIRCUIT BREAKER(O),ONAN,,61.3,
110-1221,SPRING VALVE,ONAN,,10.6,
191-1951,CARBONES DE ARRANQUE,ONAN,,90.9,
309-0439,-,ONAN,,,
110-1278,VALVE EXHAUST,ONAN,,,
112-0093,PIN PISTON,ONAN,,,
0353-0094-01,RESISTOR (O),ONAN,,47.9,
307-2591,RELAY PROGRAMED (O),ONAN,,104.4,
270011-274,MANGUERA FILTRO DE ACEITE - UC,SULLAIR,,299,
LC1D09,CONTACTOR,SCHNEIDER,,,
LC1D12F7,CONTACTOR,SCHNEIDER,,,
LC1D09F7,CONTACTOR,SCHNEIDER,,,
LC1D8,CONTACTOR,SCHNEIDER,,,
LRD33,RELE TERMICO D 55 a 70AMP,SCHNEIDER,,257.3,
LC1D80F7,CONTACTOR 80A 3P 1NA+1NC 50HZ,SCHNEIDER,,,
LC1R2501,AC CONTACTOR,SCHNEIDER,,,
02250215-660,ELEMENTO DE ACOPLE NEGRO,SULLAIR,,1085.8,
1001178139-JLG,CONTROLP/E45A (EX 1001118419),SULLAIR,,494,
042034RA,PURGA DRENA OSMI 1/2 (30-200PS | VLV DRENAJE OSMI,DRECAFF | SULLAIR,,353.5,
AF25555,,FLEETGUARD,,,
88292046-727,KIT CONTROLADOR SCN2,IMPORTADO | IMP,,,
CC2825,COMPLEAT EG PREMIX 50/50 x1Gal,FLEETGUARD,,36.3,
02250127-684,ELEMENT AIR FILTER,NACIONALES | SULLAIR | P/SERVICIO,,216.1,Servicio Técnico
MR447,FILTRO DE AIRE,MARENO M.BENZ | M.BENZ,,76.05,
200F*200H*132,,IMPORTADO,,,
HD9839,FILTRO DE AIRE | LX1056,VOX,LX1056 LX1716,31.94,
HD9841,FILTRO DE AIRE | LX2621,VOX,LX2621,42.59,
HD7998,FILTRO DE AIRE,VOX,LX910,23.64,
P150135,FILTRO DE AIRE,DONALDSON,,,
MLX2533,FILTRO DE AIRE,MAHLE,,54.01,
MR390,FILTRO DE AIRE,MARENO,HD78,55.37,
HD3003,FILTRO DE AIRE,VOX,,19.15,
HD8234,FILTRO DE AIRE,VOX,,23.15,
HD9838,FILTRO DE AIRE,VOX,,26.21,
HD9837,FILTRO DE AIRE | LX1070,VOX | REPCENTER,LX1070,36.11,
KX77,FILTRO DE COMBUSTIBLE,MAHLE,,33.16,
P610696,FILTRO DE AIRE,DONALDSON,,,
LXS312,FILTRO DE AIRE SECUNDARIO,MAHLE,,61.07,
HD5673,FILTRO DE AIRE,MAHLE,,33.51,
LX1313,FILTRO DE AIRE,MAHLE,,130.24,
AF26044-FLE,FILTRO AIRE P/C3 (140-4157)x12,FLEETGUARD | SULLAIR,,,
AF25278,FILTRO DE AIRE P/1340DFLF,FLEETGUARD | SULLAIR,,,
HF35018,FILTRO FRENO P/WA500-6,FLEETGUARD | REPCENTER,,,
HF6057,F.HIDRAULICO P/JLG(EX 2120072),FLEETGUARD,,19.1,
HF6553,FILTRO ACEITE TRANS P/40E,FLEETGUARD,,65.6,
HF6588,FILTRO HIDRAULICO,FLEETGUARD,,,
HF6424,FILTRO HIDRAULICO,FLEETGUARD,,55.1,
HF7535,FILTROTRANSMISION P/440XT,FLEETGUARD,,,
FF5021,F.COMB. (= 25010959 GM),FLEETGUARD,,17,
FF5052,FILTRO COMB,FLEETGUARD | REPCENTER,P550440,17.1,
FF5031,FILTRO COMBUSTIBLE,FLEETGUARD,,62.8,
FF5032,F. COMB.(ONAN 1220325) P/JLG,FLEETGUARD,,60.9,
FF5405,FILTRO DE GASOIL,FLEETGUARD,,79.4,
FF5079,FILTRO COMBUSTIBLE,FLEETGUARD | REPCENTER,P550974,11,
HF6141,FILTRO HIDRAULICO,FLEETGUARD | REPCENTER,,,
FF5624,FILTRO COMBUSTIBLE,FLEETGUARD,,,
FF202,FILTRO DE GASOIL(600-311-7111),FLEETGUARD | SULLAIR,,35.5,
FF5421,FILTRO COMBUS P/SKY *ADJ*,FLEETGUARD,,26.2,
FS19805,FILTRO SEPAR COMB,FLEETGUARD,P502566,91.4,
FS1015,FILTRO COMBUSTIBLE,FLEETGUARD,,,
FS1000,FILTRO COMBUSTIBLE,FLEETGUARD,P551000,27.6,
FS1275,FILTRO COMBUSTIBLE,SULLAIR,,33.6,
FS19734,FILTRO DE COMBUSTIBLE,REPCENTER,,,
FS1242,ELEMTO.F. COMBU. P/CASE 921B**,FLEETGUARD | SULLAIR,,24.1,
FS20009,FILTRO COMBUSTIBLE P/X1440,FLEETGUARD | REPCENTER,,71.7,
FS19727-FLE,FIL.COMB PRIM,FLEETGUARD,P551052,41.5,
FS19972-FLE,FILTRO COMB 580N**84559022-CAS,FLEETGUARD,,63.2,
FF203,FILTRO COMB P/JD (= AR50041),FLEETGUARD,,34.4,
FF105,FILTRO DE COMBUSTIBLE,REPCENTER,,16.8,
FF146,FILTRO COMBUSTIBLE,FLEETGUARD,,,
FF5580,FILT COMB P/C275D5 4,FLEETGUARD | SULLAIR,,31.3,
LF3970,FILTRO ACEITE P/10042,FLEETGUARD | REPCENTER,P550428,20.3,
LF700,FILTRO DE ACEITE P/C20,FLEETGUARD,,21.5,
LF3345,FILTRO AC p/QSV4.5,FLEETGUARD | SULLAIR,P558616,17.3,
LF699,FILTRO DE ACEITE,FLEETGUARD,,17.2,
LF3349,FILTRO ACEITE *ADJ*,FLEETGUARD | REPCENTER | SULLAIR,P558615,11.6,
LF3373,P550315/OX137D      FILTRO DE ACEITE,FLEETGUARD,,11.6,
LF3325,FILTRO,FLEETGUARD | SULLAIR,,40.8,
LF3605,FILTRO DE ACEITE,FLEETGUARD,,,
LF4045,FILTRO DE ACEITE,FLEETGUARD,,,
LF4054-FLE,F.ACEITE P/214/L90 | F.ACEITE P/214/L90 *VER TB167i,FLEETGUARD,,21.6,
LF670,FILTRO DE ACEITE,FLEETGUARD,,22.8,
LF3000,FIL.AC. P/PC300-7(6742-01-4540 | LB300,FLEETGUARD | VOX,,49.1,
LF667,F.ACEITE P/750H CAT,FLEETGUARD,,19.2,
LF777,F.ACEITE (= 122-0526 3313283),FLEETGUARD | REPCENTER,,29.5,
LF701,FILTRO DE ACEITE,FLEETGUARD,,18.7,
LF3573,FILTRO DE ACEITE,FLEETGUARD,,,
LF3883,F ACEITE P/CAMION INTERNACIONA,FLEETGUARD,,42.6,
LF14000NN,F. ACEITE,FLEETGUARD,LF9080,92,
LF9000,FILTRO DE ACEITE P/QSX5,FLEETGUARD,,108.5,
LF9009,FILTROS DE ACEITE,FLEETGUARD | REPCENTER,,49.1,
LF691A,FILTRO DE ACEITE P/ 1150XH,FLEETGUARD,,37.9,
FS1006,FILTRO DE COMBUSTIBLE,FLEETGUARD | SULLAIR,,76.8,
FS19732,FILTRO COMBUSTIBLE,FLEETGUARD | P/SERVICIO | SULLAIR,,57.6,Servicio Técnico
FS19730,ELEMENTO FILTRANTE NORMAL,FLEETGUARD,,32.2,
FS1003,FILTRO SEPARADOR COMB,FLEETGUARD,,50.3,
FS1280,FILTRO COMBUSTIBLE,FLEETGUARD | SULLAIR,,15.9,
WF2070,F.AG =130-3536 3318157,FLEETGUARD,P551329 WF2170,26.6,
WF2071,FILTRO DE AGUA,FLEETGUARD | REPCENTER,,17.8,
WF2072,FILTRO DE AGUA | FILTRO DE AGUA = WF2172,FLEETGUARD | SULLAIR,WF2172,22.4,
WF2073,FILTRO AGUA,FLEETGUARD,,24.1,
WF2074,FILTRO AGUA,FLEETGUARD | REPCENTER,,24.1,
WF2076,FILTRO DE AGUA,FLEETGUARD | REPCENTER,,50.55,
´040146,JUNTA FLEXMASTER 1 1/2SR S.10,SULLAIR,,111.9,
´040649,JUNTA FLEX.2 1/2 (1)S12,SULLAIR,,123.8,
´045672,BANDA DE ACOPLE S.10,SULLAIR,,414.3,
AH19037,TUBULAR,FLEETGUARD | REPCENTER,,96.9,
88290015-902,CORREA P/SHOPTEK WS1100,SULLAIR,,60.3,
88290016-410,CORREA P/SHOPTEK WS0400/0500,SULLAIR,,75.6,
88290017-056,CORREA P/SHOPTEK WS1500,SULLAIR,,62.1,
88290015-901,CORREA P/SHOPTEK WS0700,SULLAIR,,60.3,
KB8220,FILTRO SEPARADOR,AIRHORSE | MV,,78,
WD719,FILTRO DE ACEITE,AIRHORSE,,,
23801001.01,FILTRO DE AIRE,AIRHORSE,,,
LX3986,FILTRO DE AIRE,MAHLE,,,
040694RA,PRESOSTATO DANFFOS ALTA PRES.,,,,
HF6182,FILTRO HIDRAULICO,FLEETGUARD | GRUMAQ,,,
AF1855-FLE,F.AIRE,SULLAIR,,,
MC003,FILTRO DE COMBUSTIBLE,MARENO,,,
MDH366,FILTRO HABITACULO,ECHANIZ,,,
MR406,FILTRO DE AIRE,ECHANIZ,,,
LA428/S,FILTRO DE AIRE,MAHLE,,,
LA87,FILTRO HABITACULO,MAHLE,,,
HK1251,FILTRO HABITACULO,MAHLE,,,
HK205,FILTRO HABITACULO,MAHLE,,,
MDH201,FILTRO DE ACEITE,MAHLE,,,
MDH362/8,FILTRO DE AIRE,MAHLE,,,
MDH291,FILTRO HABITACULO,MAHLE,,,
MDH218,FILTRO HABITACULO,MAHLE,,,
MR371,FILTRO DE AIRE,MARENO,,,
LX993,FILTRO DE AIRE,MAHLE,,,
AA2366,FILTRO DE AIRE,PRIX,,,
HLP4147,FILTRO DE AIRE | LX907,VOX,LX907,,
LX5208,FILTRO DE AIRE,MAHLE,,,
LX3486,A-2935  FILTRO DE AIRE | FILTRO DE AIRE,SAKURA | MAHLE,,,
P551808,FILTRO DE ACEITE,DONALDSON,,,
P165675,FILTRO DE ACEITE,DONALDSON,,,
P165569,FILTRO DE ACEITE,DONALDSON,,,
P951419,FILTRO SECADOR DE AIRE,DONALDSON,,,
P559000,FILTRO DE ACEITE,DONALDSON,,,
B76,FILTRO DE ACEITE,BALDWIN,,,
BR-1075,FILTRO DE COMBUSTIBLE,LANSS,,,
LX673,FILTRO DE AIRE,MAHLE,,,
FAC973,LA677 FILTRO DE AIRE,VOX,,,
4T-GX-3402,FILTRO DE AIRE,VENROL,,,
EF-427,FILTRO DE AIRE,LANSS,,,
HF-3058,FILTRO HIDRAULICO,LANSS,,,
RE160JQll,F.COMBUSTIBLE,-,,,
2120150,FILTRO HIDRAULICO,JLG,,,
MR378,FILTRO DE AIRE,MARENO | ECHANIZ,,,
MR051,FILTRO DE AIRE,MARENO,,,
MR378/S,FILTRO DE AIRE,MARENO | ECHANIZ,,,
MR366,FILTRO SECUNDARIO | FILTRO DE AIRE,MARENO,,,
AA1127,FILTRO DE AIRE,PRIX | ECHANIZ,,,
TR30179,FILTRO DE AIRE,TURBO FILTROS,,,
BF7675-D,FILTRO DE COMBUSTIBLE,BALDWIN,,,
AA1436/1E,FILTRO DE AIRE,PRIX,LX14S1,,
WKU-1001/V,KIT FILTROS,WEGA,,,
AA1288/1,TOYOTA FILTRO DE AIRE,PRIX,,,
HLP2206,FILTRO DE AIRE,VOX,,,
LX486,FILTRO DE AIRE,,,,
3801708-CMM,BOMBA DE AGUA CUMMINS NTA-855,,,1961,
405158RA,FILTRO AIRE 20/25,SULLAIR | P/SERVICIO,,225.4,Servicio Técnico
LA1045,FILTRO HABITACULO,MAHLE | REPCENTER,,,
LX2082/1,FILTRO DE AIRE,VOX,,,
C1140,FILTRO DE AIRE,MANN | MV,,28,
LX1801,375 NUEVO FILTRO DE AIRE,MAHLE,,,
MR372,FILTRO DE AIRE,MARENO | ECHANIZ,,,
FAC887,FILTRO CABINA HILUX,VOX | REPCENTER,,,
C-70130,FILTRO DE ACEITE,ECHANIZ,,,
FF-02FI,FILTRO DE COMBUSTIBLE,ECHANIZ,,,
MDH308,F.HABITACULO,ECHANIZ,,,
MR299,FILTRO DE AIRE,ECHANIZ,,,
270016-209,USADO - Flex. descarga | usado,SULLAIR,,631.3,
270009-102,FILTRO DE AIRE,LANSS,EF-443,,
LX265,FILTRO DE AIRE,MAHLE | REPCENTER | ECHANIZ,EF-443,,
270009-103,FILTRO DE AIRE,LANSS,EF-436,,
LXS 37/1,FILTRO DE AIRE ll,MAHLE,EF-436,,
V-719,FILTRO DE AIRE,DARMET | REPCENTER,,,
V-720,FILTRO DE AIRE,DARMET | REPCENTER,,,
VP-799,FILTRO DE AIRE,DARMET,,,
VP-799/S,FILTRO DE AIRE ll,DARMET,,,
LXS5/1,FILTRO DE AIRE,MAHLE,EF-434,,
LX275,FILTRO DE AIRE,MAHLE | ECHANIZ,EF-440,,
270009-081,FILTRO DE AIRE ll,LANSS,EF-435,,
LXS41/1,FILTRO DE AIRE ll | FILTRO DE AIRE SECUNDARIO,MAHLE | REPCENTER,EF-435 270009-081,,
270009-082,FILTRO DE AIRE,LANSS,EF-441,,
LX236,FILTRO DE AIRE,MAHLE | REPCENTER | ECHANIZ,270009-082 EF-441,,
040899RA,ELEMENTO FILTRO DE AIRE LS10,SULLAIR,EF-429,59,
02250102-160RA,FILTRO 2° AIRE 185JD,DARMET,AF25484,107,
02250102-158RA,FILTRO 1° AIRE,DARMET,AF25555-FLE,,
02250043-291,INDICADOR TEMP. P/6E,SULLAIR,,665.3,
02250164-532RA,ELEMENTO FIL AIRE 1º P/375/185,SULLAIR,,241.4,
AF25557-FLE,FILTRO DE AIRE (EF-732),FLEETGUARD,,34.7,
AF4548,F.AIRE (= 140-2391),FLEETGUARD,,193.9,
AF947,FILTRO DE AIRE,FLEETGUARD,,69.6,
02250125-372,ELE FILT AIRE S.ENERGY | ELE FILT AIRE S.ENERGY *VER* | FILTRO DE AIRE,FLEETGUARD | SULLAIR | P/SERVICIO,,90,Servicio Técnico
AF25558,FILT AIRE 2º P/310,FLEETGUARD,EF-733,23.5,
270007-324,F.A II° PES.P/750-900Q AF1791,SULLAIR,,100.6,
270007-323,F.AIRE I° S.PES.750/900Q/C500,SULLAIR,,178.1,
02250137-895,E.SEPARADOR S10-20/30/40 LFREE,SULLAIR | P/SERVICIO,,827.4,Servicio Técnico
250028-034,ELTO FILT AIRE 6E P/250025-421 | ELEM. FILT AIRE 6E P/250025-421,SULLAIR,,75.5,
02250156-601,ELEMENTO FILTRO DE ACEITE P10,SULLAIR,,255.6,
02250111-804,FILTRO AIRE SERV.PESADO P/6E,SULLAIR,,169.8,
02250215-621,FILTRO SEPARADOR P/Energy 3700,SULLAIR,,851,
02250139-995,ETO FILTRO ACEIT TS20 CORELESS,SULLAIR,,494.8,
250028-033,SEPARADOR P/6E,SULLAIR,250025-264,369,
FA-3453,FILTRO SEPARADOR DE ACEITE,LANSS,,,
FA-3962,FILTRO SEPARADOR DE AGUA,LANSS,,,
AH1196,FILTRO DE AIRE COMPLETO,FLEETGUARD,,126.9,
AF26173-FLE,FILTRO DE AIRE P/ C350/500Q,FLEETGUARD,,185.4,
AH1136,FILTRO DE AIRE C-120/150,FLEETGUARD | REPCENTER,,74.4,
AF25957,FILTRO AIRE I° P/SKT (1101312),FLEETGUARD,,70.2,
7139077-TRA,ASS. FILLER BREATHER,SULLAIR,,78.7,
´000098,ELEMENTO FILTRO DE AIRE LS10,LANSS,EF428,85.4,
88290014-485,ELEMTO.FLT.AIRE WS1100-1500,P/SERVICIO | SULLAIR,,110.1,Servicio Técnico
88290015-049,ELEMTO.SEPAR. WS0400-500-700,SULLAIR,,308.7,
02250168-084,ELEM FLTR CORELESS 2 DIA. +,P/SERVICIO | SULLAIR,,381.6,Servicio Técnico
250025-526,ELEMTO.FILT.ACEITE 750/S.12/16,SULLAIR | P/SERVICIO,,189,Servicio Técnico
88290014-484,ELEMTO.FILT.ACEITE SHOPTEK,SULLAIR | P/SERVICIO,,88.7,Servicio Técnico
250025-525,ELEMTO.FILT.ACEITE 375/S.10,SULLAIR | P/SERVICIO,,141.5,Servicio Técnico
02250125-370,F. AIRE 6 P/8E y S-ENERGY,SULLAIR,,60,
EF-526,ELEMENTO FILTRO DE AIRE 25-200,LANSS,,314.4,
250034-118,ELEMTO.SEP. II° S.12/16 (OLD),SULLAIR,,861,
88290015-567,ELEMTO.SEPAR. WS1100-1500,SULLAIR,,329.2,
88290014-486,ELEMTO.FLT.AIRE WS0400-500-700,SULLAIR,,95.1,
02250100-755,ELEMENTO SEP. Iº P/LS12 LFREE,SULLAIR | P/SERVICIO,,876.3,Servicio Técnico
02250100-756,ELEMENTO SEP. IIº P/LS12 LFREE,SULLAIR | P/SERVICIO,,594.3,Servicio Técnico
250034-128,ELEMTO.SEPARADOR II° S.20,SULLAIR | P/SERVICIO,,1021.4,Servicio Técnico
LX200/HP8528,FILTRO DE AIRE,VOX,,,
02250168-053,ELEM AIR FLTR 2-STAGE P16/18,SULLAIR | P/SERVICIO,,680.7,Servicio Técnico
408242,FILTRO DE ACEITE (S.10 viejos),SULLAIR,,141.5,
02250218-885,KIT SEP ELEMENT P16/18,SULLAIR,,1637.9,
02250078-031,SEPARADOR 185Q | SEPARADOR 185Q (EX 250034-155) | ELEM. SEPARADOR CORTO,SULLAIR | P/SERVICIO,250034-155,503.4,Servicio Técnico
250034-112,FILT SEPARADOR P/185 KUB(CORTO,SULLAIR,,638.3,
250028-032,FILTRO ACEITE P/6E ELEMTO.,SULLAIR,,107.1,
02250175-063,FILTRO 2º AIRE P/LS20S-220LF,SULLAIR | P/SERVICIO,,238.6,Servicio Técnico
02250175-062,FILTRO 1º AIRE P/LS20S-220LF,SULLAIR | P/SERVICIO,,614.4,Servicio Técnico
250015-586,FILTRO DE ACEITE S.12 (old),SULLAIR,,189,
LXS296,FILTRO DE AIRE ll,MAHLE,,,
HDS838,FILTRO DE AIRE ll,VOX,LXS263,,
HDS837,FILTRO DE AIRE ll | LXS261,VOX | REPCENTER,LXS261,,
HDS839,FILTRO DE AIRE ll,VOX,LXS260,,
HDS203,FILTRO DE AIRE ll,VOX,LXS251,,
6.3672.2,FILTRO SEPARADOR,KAESER,,246,
6.3792.2,FILTRO SEPARADOR,KAESER,,,
6.3462.0,FILTRO DE ACEITE,KAESER,,,
6.4432.0,FILTRO DE AIRE,KAESER,,60,
6.4434.0,FILTRO DE AIRE,KAESER | JBB,,,
6.4139.0,FILTRO DE AIRE,KAESER,,88,
6.3568.0,FILTRO SEPARADOR,KAESER,,530,
6.3464.1,FILTRO DE ACEITE,KAESER,,85,
6.4149.2,FILTRO DE AIRE,KAESER,,95,
6.3567.0,FILTRO SEPARADOR,KAESER,,584,
6.4148.0,FILTRO DE AIRE,KAESER,,220,
6.3760.0,FILTRO SEPARADOR,KAESER,,612,
6.3465.0,FILTRO DE ACEITE,KAESER,,190,
901524.0,FILTRO,KAESER,,198,
901504.0,FILTRO,KAESER,,190,
6.3623.0,FILTRO SEPARADOR,KAESER,,,
1613872000,,ATLAS COPCO,,30,
1625480050,,ATLAS COPCO,,30,
2903775300,,ATLAS COPCO,,220,
1202804003,,ATLAS COPCO,,30,
02250135-155,ELMNTO FIL AIRE SERV PESAD S20,SULLAIR | P/SERVICIO,,684.4,Servicio Técnico
02250155-709,ELEM FILTRO ACEITE p/S-ENERGY | FILTRO ACEITE,SULLAIR | P/SERVICIO,,222.3,Servicio Técnico
CF600/1,LXS219,MANN,,,
HS801 / LXS401,FILTRO DE AIRE,VOX,,,
408107,FILTRO ACEITE (S.12/16 viejos),SULLAIR,,112.2,
AT14879,FILTRO DE ACEITE,JOHN DEERE,,,
02250229-242,KIT ELEMENTO SEPARADOR LS110,SULLAIR,,1960.1,
250034-087,ELEMENTO SEPARADOR 375Q,SULLAIR,,999.5,
250034-086,ELEMTO.SEPARADOR 750Q,SULLAIR,,1398.1,
02250145-897,ELEMENTO SEPARADOR SECUNDARIO,SULLAIR,,697.3,
250034-120,ELEMTO.SEP. I°S.20,SULLAIR | P/SERVICIO,408167-001,1288.5,Servicio Técnico
MZ3,FILTRO HIDRAULICO,SCHROEDER,,,
FF-560 R/S,FILTRO DE COMBUSTIBLE,PRO FILTER,,,
R28-30M,FILTRO DE COMBUSTIBLE,PARKER,,,
R90HDP-VOL,FILTRO SEPARADOR,PARKER,,,
R90-30M,FILTRO DE COMBUSTIBLE,PARKER,FBS490/1,,
FBS490/1,FILTRO SEPARADOR | R90-30M,VOX | REPCENTER,R9030M,,
BC-C2019,FILTRO DE COMBUSTIBLE,BAOCH,,,
BC-C2008,FILTRO DE COMBUSTIBLE,BAOCH,,,
500-0480,FILTRO DE COMBUSTIBLE,BLUMAQ,,,
436-7077,FILTRO SEPARADOR,BLUMAQ,,,
1G-8878,F.HIDRAULICO,CAT,,,
1R-0751,F.COMBUSTIBLE,CAT,,,
7W-2326,F.ACEITE,HDQP,,,
G149,FILTRO DE ACEITE,GOLD FILTER,,,
GF704,FILTRO DE COMBUSTIBLE,GOLD FILTER,,,
DZ118286,FILTRO DE ACEITE,JOHN DEERE,,,
RE62418,FILTRO DE COMBUSTIBLE,JOHN DEERE,,,
RE62419,FILTRO DE COMBUSTIBLE,JOHN DEERE,,,
RE504836,FILTRO DE ACEITE,JOHN DEERE,,,
H601/4,FILTRO DE ACEITE HIDRAULICO,MANN,,,
HU721,FILTRO DE ACEITE HIDRAULICO  x kit,MANN,,,
HX15,FILTRO DE ACEITE HIDRAULICO,MAHLE | PRIX | VOX,,,
67502-26600-71,FILTRO DE ACEITE HIDRAULICO,TOYOTA,,,
247050,FILTRO DE ACEITE HIDRAULICO,SPICER OFF,,,
84403847,FILTRO DE COMBUSTIBLE,CNH,,,
2120158,,JLG,,,
V-612,F.ACEITE,DARMET,,,
G-315,F.ACEITE,DARMET,,,
G-306,FILTRO DE COMBUSTIBLE,DARMET,,,
FCS-15119,FILTRO DE COMBUSTIBLE,FAMEL,,,
BR-1077,FILTRO DE COMBUSTIBLE,LANSS,,,
BR-1196,FILTRO DE COMBUSTIBLE,LANSS,,,
LFF3536,F.ACEITE,LUBE FILTER,,,
HF-3045,FILTRO HIDRAULICO,LANSS,,,
FCS-54,FILTRO DE COMBUSTIBLE,FAMEL,,,
AC-720,FILTRO DE AIRE,MONZA,,,
FCS-31,FILTRO DE COMBUSTIBLE,FAMEL,,,
FCS-181,FILTRO DE COMBUSTIBLE,FAMEL,,,
`0750 131 056,FILTRO DE ACEITE H.,ZF,,,
02250153-323,ELEM. FILTR. P/ SCR 65,SULLAIR,,333.9,
250024-424,ELEMENT MPF2.7,SULLAIR,,212.1,
250024-432,ELEMTO. MPH 35,SULLAIR,,188.1,
9003941M1,F.ACEITE,AGCO PARTS,,188.1,
P555680,,DONALDSON,LF654 - LF3788,,
P554004,,DONALDSON,LF667 - LF3379,,
P551315,,DONALDSON,FF5324 - FF5815,,
BL-2091,FILTRO DE ACEITE,LANSS,,,
P550575,,DONALDSON,HF6202,,
P551435,,DONALDSON,FS19906,,
P551425,,DONALDSON,FS19827,,
P550467,FILTRO DE COMBUSTIBLE,DONALDSON,,,
J3543R,FILTRO DE AIRE,HASTING,,,
H2225,FILTRO DE ACEITE,HASTING,,,
1763776,,MANN,KC441 - FF5626,,
VX400,FILTRO DE ACEITE,FARO,,,
Z5158,FILTRO DE COMBUSTIBLE,HASTING,,,
AC166,,PRIX,KL788,,
´004125,FILTRO DE ACEITE,PERTRAK | REPCENTER,,,
`004060,FILTRO DE COMBUSTIBLE,PERTRAK | PETRAK,,,
`004115,FILTRO DE ACEITE,PERTRAK | PETRAK,,,
OC35,FILTRO DE ACEITE,VOX,LB339,,
KX368D,FILTRO DE COMBUSTIBLE,MAHLE,,,
250042-862,ELEMTO.SEPARADOR II° S.12,SULLAIR | P/SERVICIO,,466.1,Servicio Técnico
250034-116,ELEMENTO SEP I° S.12/16/10-50,SULLAIR | P/SERVICIO,,705.8,Servicio Técnico
02250135-150,FILTRO AIRE I° p/32-350,SULLAIR,,692.4,
AL458,FILTRO DE ACEITE,VOX | ECHANIZ,OX174,,
FN951,FILTRO DE COMBUSTIBLE,VOX,KX437/D,,
P551856,,DONALDSON,FS19532 - KC121,,
P550490,,DONALDSON,LF17S13 - LF3730,,
P550220,,DONALDSON,HF28917 - HX80,,
P550653,,DONALDSON,KX182 - FF5684,,
P550120,,DONALDSON,FF5053 - KX35D,,
P550766,,DONALDSON,LF3605 - OX150D,,
WFC3,FILTRO DE AGUA,MALHE,,,
AC744,,PRIX/VOX | ECHANIZ,KX67/2D,,
HC99,FILTRO HIDRAULICO,MALHE,,,
P761108,FILTRO HIDRAULICO,DONALDSON,HC96,,
P550309,HF6162 - HX15,DONALDSON,HF6162 - HX15,,
P551102,OC40 - LF4112,DONALDSON,OC40 - LF4112,,
P550639,FILTRO HIDRAULICO,DONALDSON,LF3977 - OC474,,
ML1000G,FILTRO DE COMBUSTIBLE,MOTORLINE | ECHANIZ,,,
ML1212G,FILTRO DE COMBUSTIBLE,MOTORLINE | ECHANIZ,,,
ML1280G,FILTRO DE COMBUSTIBLE,MOTORLINE | ECHANIZ,,,
ML5052G,FILTRO DE COMBUSTIBLE,MOTORLINE | ECHANIZ,,,
ML5457G,FILTRO DE COMBUSTIBLE,MOTORLINE,,,
ML5421G,FILTRO DE COMBUSTIBLE,MOTORLINE | ECHANIZ,,,
ML3349,FILTRO DE ACEITE,MOTORLINE,,,
ML30000,FILTRO DE ACEITE,MOTORLINE,,,
ML3345O,FILTRO DE ACEITE,MOTORLINE | ECHANIZ,,,
ML2073W,FILTRO DE AGUA,MOTORLINE,,,
FBD75,FILTRO DE COMBUSTIBLE,VOX | REPCENTER,KC188/KC440,,
KL583,FILTRO DE COMBUSTIBLE,PRIX,AC341,,
KL596,,MAHLE | REPCENTER,,,
KL239,FILTRO DE COMBUSTIBLE,VOX,FS40/7,,
KL582,FILTRO DE COMBUSTIBLE | AC333,MAHLE,,,
KL63,FILTRO DE COMBUSTIBLE,PRIX,AC314,,
FS41,FILTRO DE COMBUSTIBLE,VOX | REPCENTER,KL238/D,,
KL100/2,FILTRO DE COMBUSTIBLE,MAHLE,,,
OX171/2D,FILTRO DE ACEITE,VOX | VOX/PRIX,AL473,,
KX182/1D,SCANIA,MAHLE | REPCENTER,,,
KX79D,FILTRO DE COMBUSTIBLE,MAHLE,,,
AC763,FILTRO DE COMBUSTIBLE,PRIX | ECHANIZ,KX268/D,,
AC763/4,FILTRO DE COMBUSTIBLE,PRIX | ECHANIZ,FN953,,
FDB75,,VOX | REPCENTER,,,
FN953,FILTRO DE COMBUSTIBLE,VOX,,,
KX80/1D,FILTRO DE COMBUSTIBLE,MAHLE,,,
KX710D,FILTRO DE COMBUSTIBLE,MAHLE | ECHANIZ,,,
KX24,FILTRO DE COMBUSTIBLE,MAHLE | REPCENTER,,,
OX161D,FILTRO DE ACEITE,MAHLE,,,
HD 932-2 X,FILTRO HIDRAULICO,MAHLE,,,
RE62419-JDC,FILT. COMBUSTIBLE,JONH DEREE,,,
LX2046,,MAHLE | REPCENTER,,,
BL-2156,FILTRO DE ACEITE,LANSS,OC613,,
AA1395E,F.AIRE,PRIX | ECHANIZ,,,
LA230,F.HABITACULO,MAHLE,,,
AL19,FILTRO DE ACEITE,PRIX | ECHANIZ,OC60,,
250034-122,ELEMENTO SEPARADOR I° S.20/16,SULLAIR,,1354,
250034-134,ELEMENTO SEPARADOR II° S.20/16,SULLAIR,,1033.3,
CE3022,KX67/2D,VOX | REPCENTER,,,
FBS480/1,FILTRO DE COMBUSTIBLE | KC647/1,VOX | REPCENTER,,,
FBD998/KC46,FILT. COMBUSTIBLE,VOX,,,
250034-085,ELEMTO. SEP-1º DEL 20 NEW,SULLAIR | P/SERVICIO,,1597.5,Servicio Técnico
02250048-734,ELEMENTO SEPARADOR Il S.20 New,SULLAIR | P/SERVICIO,,1029.8,Servicio Técnico
C-2505,F.ACEITE,SAKURA,,,
LE309,FILTRO DE ACEITE,VOX,,,
OC175,FILTRO DE ACEITE,MAHLE / TECFIL | ECHANIZ,,,
KC83,F.COMBUSTIBLE | FILT. COMBUSTIBLE,MAHLE | PRIX/VOX,FF5159 - P550385 | CFF003,,
OC988,FILTRO DE ACEITE,MAHLE VOX PRIX | REPCENTER | ECHANIZ,AL28/1  LB916,,
KC595,FILT. COMBUSTIBLE,MAHLE | REPCENTER,,,
KC454,FILT. COMBUSTIBLE,MAHLE | MANN,WK940/1,,
KC28,FILT. COMBUSTIBLE,MAHLE,,,
KC 381,FILT. COMBUSTIBLE,MAHLE,,,
KC51,FILT. COMBUSTIBLE,MAHLE,,,
KC182,FILT. COMBUSTIBLE,MAHLE | REPCENTER,,,
KC251,FILT. COMBUSTIBLE,MAHLE,,,
KC647D,FILT. COMBUSTIBLE,MAHLE | REPCENTER,,,
KC647/1,FILT. COMBUSTIBLE,MAHLE | VOX | REPCENTER,,,
KC648/1,FILT. COMBUSTIBLE,MAHLE,,,
KC637/1,FILT. COMBUSTIBLE,MAHLE,,,
KC637D,FILT. COMBUSTIBLE,MAHLE | ECHANIZ,,,
KC134,FILT. COMBUSTIBLE,MAHLE,,,
KC381,FILT. COMBUSTIBLE,MAHLE,,,
VP2780,FILTRO DE AIRE,DARMET,,,
KC18,FILT. COMBUSTIBLE,MAHLE,,,
KC118/1,FILT. COMBUSTIBLE | WK950/26X,MAHLE | MANN,,,
KC186,FILT. COMBUSTIBLE,MAHLE,,,
KC24,FILT. COMBUSTIBLE,MAHLE,,,
KC509,MAHLE FILT. COMBUSTIBLE,DONALDSON,FF5626,,
KC5,FILT. COMBUSTIBLE,DONALDSON,,,
KC440,FILT. COMBUSTIBLE,MAHLE | ECHANIZ | REPCENTER,KC188,,
KC636,,MAHLE | REPCENTER,,,
KC618,FILT. COMBUSTIBLE,MAHLE,,,
OX339/2D,FILTRO DE ACEITE,PRIX,AL477,,
OX834D,FILTRO DE ACEITE,VOX,LE108,,
OX169D,FILTRO DE ACEITE,MAHLE,,,
OX168D,FILTRO DE ACEITE,MAHLE,,,
OX169/1D,FILTRO DE ACEITE,MAHLE,,,
OX175D,FILTRO DE ACEITE,VOX,LE119,,
OX388D,FILTRO DE ACEITE,MAHLE,,,
OX188,FILTRO DE ACEITE,MAHLE,,,
OX153D3,FILTRO DE ACEITE,MAHLE,,,
OX562D,,MAHLE | REPCENTER,,,
OX16/1D,FILTRO DE ACEITE,MAHLE,,,
OX174D,FILTRO DE ACEITE,VOX,LE2002,,
OX1052D,FILTRO DE ACEITE,MAHLE | REPCENTER,,,
OC1063,FILTRO DE ACEITE,MAHLE,,,
OC324,FILTRO DE ACEITE,MAHLE,,,
OC370,FILTRO DE ACEITE,MAHLE | REPCENTER,,,
OC282,FILTRO DE ACEITE,MAHLE,,,
OC18,FILTRO DE ACEITE,MAHLE,,,
OC1738,FILTRO DE ACEITE,MAHLE,,,
OC502,FILTRO DE ACEITE,MAHLE | ECHANIZ,VOX LB283 - PRIX AL102 - TECFIL PSL283,,
OC60,FILTRO DE ACEITE,VOX,LB962,,
OC522,FILTRO DE ACEITE,MAHLE,,,
OC501,FILTRO DE ACEITE,MAHLE | REPCENTER,,,
OC235,FILTRO DE ACEITE,MAHLE | REPCENTER,,,
OC1009,FILTRO DE ACEITE,MAHLE | REPCENTER,,,
OC26,FILTRO DE ACEITE,MAHLE | ECHANIZ,,,
OC42,FILTRO DE ACEITE,MAHLE,,,
OC41,FILTRO DE ACEITE,MAHLE,WD962,,
OC67,FILTRO DE ACEITE,MAHLE,,,
OC1253,FILTRO DE ACEITE,MAHLE,,,
HLP5053,FILTRO DE AIRE,VOX,,,
LB55,,VOX,LB55 - AL97 -  OC194 - OC195 - OC196,,
LB300,FILTRO DE ACEITE,VOX,LF3000,,
AL470/4,FILTRO DE ACEITE,PRIX,OX389/1D,,
AL12,,MAHLE | REPCENTER | ECHANIZ,PRIX-1374,,
AL26,FILTRO DE AIRE,MAHLE,,,
OC534,FILTRO DE ACEITE,VOX,LB134,,
OC47,FILTRO DE ACEITE,VOX | REPCENTER,LB562,,
OC90,FILTRO DE ACEITE,VOX,LB619,,
AL97,FILTRO DE ACEITE,ECHANIZ,,,
LE677,,VOX | REPCENTER,OX388D,,
1002-4663,ELEM.SEPARADOR | ELEMENTO SEPARADOR,SULLAIR,,2209.2,
932000 10B NE,,,,,
241772,FILTRO CEDAZO DE RETORNO,SULLAIR,,143.8,
´046701,ELEMENTO FILTRO DE ACEITE,SULLAIR,,161.8,
4460465-JLG,CONECTOR HEMBRA,SULLAIR,,,
AF25484,FILTRO DE AIRE SECUNDARIO,FLEETGUARD,,,
AC-19080,FILTRO DE COMBUSTIBLE,ECHANIZ,,,
1001129845-JLG,CONTROL MODULE SYSTEM 324RS,SULLAIR,,2258.3,
02250106-789,OIL SEPARADOR,IMP,,792.9,
250030-758,ACEITE AWF,SULLAIR,,2851.3,
34-08324,ACTUADOR,PELLACANI,,,
1006-3296,KIT ELEMENTO SEPARADOR LS110,SULLAIR,,1960.1,
45673,CUBO DE ACOPLE L.UNIDAD S.10,SULLAIR,,619.2,
S00301-238,CAPACITOR CORILUX 83MF 450V,SULLAIR,,45,
02250224-269,ENFRIADOR AIR/ACEITE 7500,SULLAIR,,4100.9,
0400055-JLG,BATERIA 6V 375A**7016177/N,SULLAIR,,564,
02250242-636,ELEM SEPAR p/LS160,SULLAIR,227-748,2131.2,
250027-201,BULBO DE TEMP.AGUA | BULBO DE TEMP.AGUA (EX 040653),SULLAIR,40653,441.2,
`001104,BULBO TEMPERATURA ACEITEP/185,SULLAIR,,582.8,
1001092456-JLG,MODULO CONTROL P/2030 ES,JLG | SULLAIR,,3408.6,
HP9834,FILTRO DE AIRE,,,,
HK301,FILTRO HAB,,,,
250006-938,VALVULA DE SEGURIDAD,SULLAIR,,165.2,
70031074-TRA,DISCO P/10042,SULLAIR,,130,
70030307-TRA,SEPARADOR,SULLAIR,,58.5,
1319612-TRA,ARO DE PISTON 30X2,SULLAIR,,418,
1319593-TRA,ORING 52X3,SULLAIR,,42.6,
1319594-TRA,ORING 115X3,SULLAIR,,62.9,
8036190-TRA,RODAMIENTO,SULLAIR,,100.5,
02250235-913,CUERPO DE VLV. TERMOSTATICA P1,SULLAIR,,485.6,
02250087-070,CODO 90ª SAE 1,SULLAIR,,103,
02250093-806,CONECTOR SAE 1 x 1 1/4,SULLAIR,,108.6,
02250098-622,MANGUERA HID. 1 X 35,SULLAIR,,559.8,
826502-215,O-RING VITON 1/8 X 1 1/16,SULLAIR,,5.2,
AC7983,FILTRO DE COMBUSTIBLE,PRIX,,,
241581,VALVULA PRESION MINIMA,SULLAIR,,1223.1,
`042582,INDICADOR DE TEMPERATURA 2,SULLAIR,,672.8,
02250166-230,KIT SEAL 5 INLET VALVE REPAI,SULLAIR,,1719.2,
LX261,FILTRO DE ACEITE,VOX,,,
EF938,FILTRO DE AIRE,LANS,,,
EF939,FILTRO DE AIRE,LANS,,,
02250221-211,VLV MEMBRANE,SULLAIR,,774.9,
8320265-TRA,ELEMTO.FILTRO HIDRAULICO,Manip. SKY TRAK,,64.1,
02250145-625,FLEXIBLE DESCARGA LS20,SULLAIR NACIONAL,,881.1,
248755,SILENCIADOR,SULLAIR IMPORTADOS,,135.1,
7013301-JLG,CONTACTOR CHANGE. P/30-40-45E,SULLAIR,,513.4,
P5113,FILTRO DE COMBUSTIBLE,ECHANIZ,,,
VP-1748,FILTRO DE AIRE,REPCENTER,,,
VP-1748/S,FILTRO DE AIRE SECUNDARIO,REPCENTER,,,
G-1316,FILTRO DE COMBUSTIBLE,REPCENTER,,,
FF5272,FILTRO DE COMBUSTIBLE,REPCENTER,,,
HF35305,FILTRO HIDRAULICO,REPCENTER,,,
HF9500,FILTRO HIDRAULICO,REPCENTER,,,
FS19914,FILTRO DE COMBUSTIBLE,REPCENTER,,,
LF3400,FILTRO DE ACEITE,REPCENTER,,,
LF16011,FILTRO DE ACEITE,REPCENTER,,,
FF149,FILTRO DE COMBUSTIBLE,REPCENTER,,,
VP-2709/S,FILTRO DE AIRE SECUNDARIO,REPCENTER,,,
250018-427,CONECTOR 1/4 T x 1/8 NPT,SULLAIR,,12.2,
88290015-890,FLTR V-TYPE P/SHOPTEK,SULLAIR,,42.9,
88290015-891,TUBO 1/4 TRANSPARENTE P/ST,SULLAIR,,69.8,
68MR1600,RESORTE THROTTLE VALVE,SULLAIR,,7.7,
68CJ0825,O RING,SULLAIR,,5.3,
68723227,ESLABON GIRATORIO,SULLAIR,,171.7,
68CJ0026,O RING P/MPB-90A/60A,SULLAIR,,29.9,
68722579,BUJE 1/14 HEX.,SULLAIR,,906.1,
68723244,LEVA P/MART.,SULLAIR,,219.3,
68MR1301,SPRING PLUNG,SULLAIR,250032-493,34.1,
68780320,KIT ROLL PIN (2 PCS),SULLAIR,,60.9,
02250222-783,ELECTROVALVULA RN250,SULLAIR,,587.7,
0140-4317,ELEMENTO AIRE 1°,ONAN | SULLAIR,AF25910-FLE,,
0140-4318,ELEMENTO AIRE 2°,ONAN | SULLAIR,AF25911-FLE,,
1001186466,SENSOR TILT 1932R | SENSOR DUAL AXIS (OXC1),SULLAIR,,993.4,
4360371,SENSOR,SULLAIR,,743.5,
179-9806,CAT,STAL,,,
EF-8033R,FILTRO DE AIRE,LANS,,,
EF-8034R,FILTRO DE AIRE,LANS,,,
´0937521,no ingresan al pañol,TRACKMAR,,,
1001146963-JLG,SENSOR,SULLAIR,,545.7,
AF1638-FLE,FILTRO DE AIRE,FLEETGUARD | SULLAIR,,89.2,
122-0922-ONA,FILTR DE ACEITE CON CABEZAL,ONAN | SULLAIR,,18.1,
02250099-448,BULBO CORTE DE TEMP.,SULLAIR,,337.5,
250041-801,ACOPLE P/185Q JD U/C C/CHAVETA,SULLAIR,,2766.1,
LXS37/1,FILTRO DE AIRE SECUNDARIO,REPCENTER,,,
02250177-150,KIT VLV.CHECK P/S.20,SULLAIR,,890.6,
02250164-206,CUBO DE ACOPLE LADO UNIDAD,SULLAIR,,504,
02250152-635,CUBO DE ACOPLE LADO MOTOR,SULLAIR,,598.5,
7023543-JLG,VALVE PROPORTIONAL 2630ES,JLG | SULLAIR,,448.4,
02250097-349,"VLV. SEGURIDAD 3/4""200",SULLAIR,,846.8,
02250223-411,FLTR FUEL & H2O SEPARATOR,SULLAIR,,245.5,
02250220-866,PUMP ELEC FUEL SUPPLY 12V,SULLAIR,,52,
140-4088-ONA,ELEMENT FIL AIRE P/C22,ONAN | SULLAIR,AF25904,36.7,
270016-419,ELEM FILTRO COMB KUB 2403,SULLAIR,,92,
270016-627,ELEM FILTRO ACEITE KUB 2403,SULLAIR,,58,
250024-272,CILINDRO VELOCIDAD 3/4 X1,SULLAIR,,416.5,
7021581-JLG,CUBIERTA IN240/55-17.5 P/E450A,SULLAIR,,549.6,
AH1135,F.AIRE p/1000 kva,FLEETGUARD,EF-542,262.4,
4460467-JLG,EXTRACTOR,SULLAIR,,4.8,
0400215-JLG,BATERIA 6V 225 amp | BATERIA,SULLAIR,,264,
1318821,FILTRO DE AIRE SECUNDARIO CAT 320 | no ingresan al pañol,ITR - ITALIA | TRACKMAR,,,
1318822,FILTRO DE AIRE PRIMARIO CAT 320 | no ingresan al pañol,ITR - ITALIA | TRACKMAR,,,
1R1804,FILTRO ELEMENTO DE COMBUSTIBLE | no ingresan al pañol,ITR - ITALIA | TRACKMAR,,,
3223155,FILTRO ELEMENTO DE ACEITE MOTOR | no ingresan al pañol,ITR - ITALIA | TRACKMAR,,,
5I8670,FILTRO HIDRAULICO | no ingresan al pañol,ITR - ITALIA | TRACKMAR,,,
937521,FILTRO HIDRAULICO 320,ITR - ITALIA,,,
4385386,FILTRO DE COMBUSTIBLE | no ingresan al pañol,ITR - ITALIA | TRACKMAR,,,
B1806380-SAG,PUNTA LAPIZ,SULLAIR,,1038.6,
02250209-582,MANGUERA,SULLAIR,,93,
´042988,HOROMETRO,SULLAIR,,415.1,
191-2460-ONA,MOTOR DE ARRANQUE,SULLAIR,,989.9,
AF25570,FILTRO AIRE PRIMARIO,SULLAIR,,122.5,
AF25571,FILTRO AIRE II° P/C150 D5,SULLAIR,,68.1,
270002-709,VENTILADOR,SULLAIR,,256.9,
4954905-CMM,SENSOR DE TEMP. QSK60/HSK78 | SENSOR DE TEMP.,SULLAIR,,13.6,
`001692,TR.AGUA KIT (P/408389)S.20,SULLAIR,,154,
250018-008,"CUBO ACOPLE 1 3/4""",SULLAIR,,643.2,
´000751,CUBO ACOPLE SAGA 22 LM 60MM,SULLAIR,,820.8,
41992,"ABRAZADERA A CREMALLERA 7""",SULLAIR,,61.9,
4360328S-JLG,SWITCH TOGGLE,SULLAIR,,22.2,
02250183-035,KIT SUPERVISOR CONTROLLER,SULLAIR,,6422.6,
DZ120070,,JONH DEERE,,,
02250117-782,F.CEDAZO TIPO V 300PSI x 1/4,SULLAIR,,182.5,
AH8742,,SULLAIR,,,
02250139-296,,SULLAIR,,,
02250057-036,KIT RETEN P/S10-P10,SULLAIR | P/SERVICIO,,985.4,Servicio Técnico
02250183-425,SULLUBE 32 x 48u 5 Gal c/u,SULLAIR,,,
LE2002,OX174D,VOX | REPCENTER,,,
02250193-569,ELEM. FILTR. P/ FXF 240,SULLAIR | IMPORTADO,,651.2,Servicio Técnico
02250193-591,ELEM. FILTR. P/ FXH 240,SULLAIR | IMPORTADO,,651.2,Servicio Técnico
250019-453,KIT.REP.VALV.REG. P.AIRE,SULLAIR | P/SERVICIO,,257.4,Servicio Técnico
CC2848-FLE,Compleat EG Premix 50/50 5 gal | Compleat EG Premix 50/50 x1Gal,FLEETGUARD | SULLAIR,,,
02250196-470,ACE FoodG.PRISTINE 5GAL-NOTAS | PRISTINE,SULLAIR,,,
OC 47,,VOX,,,
LX1056,,VOX,,,
EF-440,,LANSS,,,
250041-638,SWITCH ENG OIL PRESS,SULLAIR,,225,
02250196-471,ACE FOOD GRADE PRISTINE 55 GAL,SULLAIR,,,
WF2073-FLE,FILTRO DE AGUA,FLEETGUARD,,,
FS40/7,,,,,
ML3000,,,,,
011579RA,KIT SULLICON(41269 + 41270),SULLAIR,,143.3,
250017-280,VALVULA | VALV. REG. DE PRESION P/LS10,SULLAIR,,308.3,
049905RA,VLV. RETENC.1/4 1 VIA,SULLAIR,,56.3,
LXS261,,,,,
LX1070,,,,,
LXS260,,,,,
OX399/2D,,,,,
02250193-574,ELEM. FILTR. P/ FXF 1350,SULLAIR,,1861.7,
02250193-597,ELEM. FILTR. P/ FXH 1350,SULLAIR,,1861.7,
02250193-567,ELEM. FILTR. P/ FXF 65,IMPORTADO | SULLAIR,,462.1,
02250193-589,ELEM. FILTR. P/ FXH 65,IMPORTADO | SULLAIR,,462.1,
FS19727,,FLEETGUARD,,,
FS04/7,,REPCENTER,,,
LB619,OC90,REPCENTER,,,
AC314,,ECHANIZ,,,
AC341,,ECHANIZ,,,
250019-451,KIT REP. VLV POPPET | KIT REPARACION VLV POPPET,SULLAIR | P/SERVICIO,,228.6,Servicio Técnico
02250193-572,ELEM. FILTR. P/ FXF 700,SULLAIR | IMPORTADO,,958.2,Servicio Técnico
250022-669,SULLUBE 32 ACEITE x 5GAL,SULLAIR,,,
02250194-958,ELEM. FILTR. P/ SCH 65,IMPORTADO | SULLAIR,,310.8,Servicio Técnico
02250194-957,ELEM. FILTR. P/ SCF 65,IMPORTADO | SULLAIR,,310.8,Servicio Técnico
FF5421-FLE,,,,,
7139077,,,,,
02250105-553,KIT VLV. TERMOSTATICA,SULLAIR | P/SERVICIO,,447.5,Servicio Técnico
250025-364,BULBO TEMPERATURA,SULLAIR,,140,
C635-0011-03,IND. NIVEL DE COMBUSTIBLE C300,CUMMINS,,,
´004060,,REPCENTER,,,
KC637,,REPCENTER,,,
HD9837/LX1070,,REPCENTER,,,
HDS837LXS261,,REPCENTER,,,
02250193-535,KIT DRAIN,SULLAIR,,241.5,
KX67/2D,,ECHANIZ,,,
OX161/D,,ECHANIZ,,,
HD932-2 X,,MANN,,,
02250193-571,ELEM. FILTR. P/ FXF 475,SULLAIR,,875.4,
02250193-593,ELEM. FILTR. P/ FXH 475,SULLAIR | IMPORTADO,,875.4,Servicio Técnico
HD9841/LS2621,,REPCENTER,,,
HDS837/LXS261,,REPCENTER,,,
882914-485,,SULLAIR,,,
LE119,,REPCENTER,,,
02250194-922,ELEMT.MPF 14y18 | ELEMT.MPF 14y18 (250024-427),SULLAIR | IMPORTADO,,837.9,Servicio Técnico
02250194-924,ELEMTO.MPH 14Y18,SULLAIR | IMPORTADO,,837.9,Servicio Técnico
88290014-567,,SULLAIR,,,
02250164-606,KIT DE REPARACION INLET VALVE,SULLAIR,,144,
6205-2Z/C3,,Aldo F Benito e Hijos | SKF,,,
6204-2C/C3,,Aldo F Benito e Hijos | SKF,,,
6311-2RS1/C3,,Aldo F Benito e Hijos | SKF,,,
6211-2RS1/C3,,Aldo F Benito e Hijos | SKF,,,
30204-NSK,,Aldo F Benito e Hijos | SKF,,,
32206/VA983,,Aldo F Benito e Hijos | SKF,,,
NU 2206 ECP/C3,,Aldo F Benito e Hijos | SKF,,,
OX153/7D,,ECHANIZ,,,
LX1845,,ECHANIZ,,,
AC975,,ECHANIZ,,,
MR331,,ECHANIZ,,,
02250069-073,,SULLAIR,,,
AF1855,,SULLAIR,,,
02250194-918,ELEMTO.FILTRO MPH125,SULLAIR,,589.1,
02250194-916,ELEMTO.FILTRO MPF 125,SULLAIR,,589.1,
250031-771,,SULLAIR,,,
CC2848,,SULLAIR | REPCENTER,,,
02250193-594,ELEM. FILTR. P/ FXH 700,IMPORTADO | SULLAIR,,958.2,Servicio Técnico
02250194-972,ELEM. FILTR. P/ SCF 340,IMPORTADO | SULLAIR,,842.1,Servicio Técnico
02250194-973,ELEM. FILTR. P/ SCH 340,IMPORTADO | SULLAIR,,902,Servicio Técnico
02250193-588,ELEM. FILTR. P/ FXH 45,IMPORTADO | SULLAIR,,316.6,Servicio Técnico
02250193-566,ELEM. FILTR. P/ FXF 45,IMPORTADO | SULLAIR,,316.6,Servicio Técnico
02250193-587,ELEM. FILTR. P/ FXH 25,IMPORTADO | SULLAIR,,265.9,Servicio Técnico
02250193-565,ELEM. FILTR. P/ FXF 25,IMPORTADO | SULLAIR,,265.9,Servicio Técnico
`040899,,IMPORTADO,,,
250031-438,JGO. REP VAL. POPPET  S12/10-50 | JGO.REP.VAL.POPPET-S12/10-50,SULLAIR | P/SERVICIO,,188.3,Servicio Técnico
6312-2rs1/c3,RODAMIENTOS,Aldo F Benito e Hijos | SKF,,,
6212-2z/c3,RODAMIENTOS,Aldo F Benito e Hijos | SKF,,,
WK940/1,KC454,MANN,,,
YPF,LUBRICANTE MULTIPROPOSITO 220ML,ECHANIZ,,,
FF-560R/S,,,,,
OX389/1D,AL470/4,,,,
LF4054,,REPCENTER,,,
LB962,OC60,REPCENTER,,,
26.687,MC003,REPCENTER,,,
42582,,SULLAIR,,,
02250110-988,KIT REP. VLV MINIMA P/241581,SULLAIR,,172.3,
8223054-TRA,SWITCH PARK BRAKE,SULLAIR,,35.9,
HS801,LXS401,REPCENTER,,,
HP8528,LX200,REPCENTER,,,
OC196,,REPCENTER,,,
250021-405,,SULLAIR,,,
FS1275-FLE,,SULLAIR,,,
02250171-245,KIT DE REPARACION VALV.DRENAJE,SULLAIR,,216,
02250166-220,KIT INL REPAIR 5 VALVE,SULLAIR,,526.2,
ML5052,,ECHANIZ,,,
ML1280,,ECHANIZ,,,
02250176-856,KIT REP. VLV ENTRADA P/SHOPTEK,SULLAIR,,388.9,
270009-082 (EF441),,FRECCIA,,,
EF-435,,FRECCIA,,,
EF-443,,FRECCIA,,,
EF-436,,FRECCIA,,,
EF-429,,FRECCIA,,,
LB283,,REPCENTER,,,
ML3349O,,ECHANIZ,,,
250018-551,ELEMTO. ACOPLE SAGA 12-60,SULLAIR,,1586.9,
V720,,REPCENTER,,,
02250194-968,ELEM. FILTR. P/ SCH 235,SULLAIR,,698.3,
ML3000O,,ECHANIZ,,,
AL102,,ECHANIZ,,,
250031-850,,SULLAIR,,,
02250207-067,,SULLAIR,,,
02250207-070,,SULLAIR,,,
02250193-558,ELEM. FILTR. P/ FXC 240,SULLAIR,,651.2,
LB916,,REPCENTER,,,
KX268D,,REPCENTER,,,
02250092-081,ELEMENTO VLV TERMOSTATICA 195°,SULLAIR,,418.7,
42988,,SULLAIR,,,
250022-670,SULLUBE ACEITE 32 TAMBOR 55GL,SULLAIR,,,
`045673,,SULLAIR,,,
45672,,SULLAIR,,,
EF-441,,FRECCIA,,,
EF-428,,FRECCIA,,,
4360469S-JLG,SWITCH KEY E45 600 1200,SULLAIR,,62.7,
02250176-967,KIT REP VLV ENT P/WS0500/0700,SULLAIR,,319.2,
´001692,,SULLAIR,,,
cc2848,,SULLAIR,,,
CFF003,,ECHANIZ,,,
02250155-971,"KIT, INLET VLV REPAIR",SULLAIR,,,
250028-036,JGO.REP.TERMOSTATO,SULLAIR,,157.5,
250030-757,ACEITE AWF 5GL,SULLAIR,,,
S00801-038/B20,AC AZOLLA ZS32 x 20,SULLAIR,,,
02250194-977,ELEM. FILTR. P/ SCF 465,SULLAIR,,989.1,
02250194-978,ELEM. FILTR. P/ SCH 465,SULLAIR,,989.1,
02250194-962,ELEM. FILTR. P/SCF 125,SULLAIR,,520.8,
02250194-963,ELEM. FILTR. P/ SCH 125,SULLAIR,,520.8,
02250222-539,,SULLAIR,,,
4060,,,,,
4115,,,,,
ef-440,,,,,
ef-434,,,,,
02250049-634,VALVULA DESPRESURIZADOR ALIVIO,SULLAIR,,294.8,
02250100-042,VLV DESPRESU 250 PSIG - ALIVIO,SULLAIR,,411.8,
H2225 HASTING,,,,,
LX907,,,,,
002250137-895,,,,,
`000098,,,,,
01157RA,,,,,
408893,VALVE SHUTTLE 1/4 (DBL CHK),SULLAIR,,250.3,
DRENAJE AUTOMATICO,,,,,
HIC346,,,,,
KC118,,,,,
AL 12,,,,,
OX174,,,,,
R9030M,,,,,
9009,,,,,
LX1716,,,,,
`040899RA,,,,,
KC83 PRIX,,,,,
KL788,,,,,
OX171,,,,,
ML1000,,,,,
ML33490,,,,,
LXS40/1 VOX,,,,,
MR378S,,,,,
V719,,,,,
KC188,,,,,
250032-482,,,,,
022500175-062,,,,,
OX174/D,,,,,
AF26173,,FLEETGUARD,,,
40649,,,,,
02250155-174,SENSOR ELECT.PRESION 0-250,SULLAIR,,480.8,
02250193-595,ELEM. FILTR. P/ FXH 925,SULLAIR,,1477.8,
02250193-573,ELEM. FILTR. P/ FXF 925,SULLAIR,,1477.8,
270008-555,,,,,
02250198-470,,,,,
02250125-372 IMP.,,,,,
AF25618,,FLEETGUARD,,,
ML1212,,,,,
8320265,,,,,
40588,,,,,
`004125,,,,,
408993,,,,,
49796,,,,,
02250155-174 IMP,,,,,
02250195-470,,,,,
LX2621,,,,,
PURGA AUTOMATICA,,,,,
02250078-204,ELEMENTO VÁLVULA TERMOSTATICA,SULLAIR,,631.9,
022500137-895,,,,,
*049905,,,,,
´004115,,,,,
EF443,,,,,
EF436,,,,,
HAD-20B,PURGADOR AUTOMATICO,IMPORTADO,,145.2,
KL238/D,,,,,
LX2643,,,,,
KIT WEGA,,,,,
194-918,,,,,
194-916,,,,,
HR30204J,,,,,
322026/VA938,,,,,
CORREAS (XPZ1212),,,,,
AL47014,,,,,
S081005/001,,,,,
40899,,,,,
C635-0011-01,,,,,
KC440/KC188,,,,,
oc90,,,,,
MDH286,,,,,
AH19037-FLE,,,,,
LF3000-FLE,,,,,
FF5052-FLE,,,,,
FS1280-FLE,,,,,
LXS40/1,,,,,
LX200,,,,,
40146,,,,,
AF-1855,,,,,
1001186466-JLG,,,,,
270009-102 (EF-443),,,,,
270009-103 (EF-436),,,,,
AL28/1,,,,,
4460465,,,,,
LC1D80F7C,,,,,
702354JLG,,,,,
022501193-591,,,,,
406631,ELEMENTO DE ACOPLE E-50,SULLAIR,,1821.1,
AF1638,,,,,
0140-4088,,,,,
LXS-261,,,,,
88290014-902,,,,,
C1250,FILTRO AIRE,MV,,28,
W719,FILTRO ACEITE,MV,,32,
FF202-FLE,,,,,
LF670-FLE,,,,,
AH1135-FLE,,,,,
KC647,,,,,
SB521,FILTRO SEPARADOR,MV,,120,
C1360,FILTRO AIRE,MV,,65,
ACEITE MV46,,,,,
7021581,,,,,
FILTRO HAB,,,,,
KX268/D,,,,,
A41018,,,,,
02250102-158,,,,,
02250102-160,,,,,
500801-038,,,,,
S00801-048,,,,,
40KVA,,,,,
3063506,,,,,
88290014-514,SENSOR DE PRESION p/ SHOPTEK,SULLAIR,,939.4,
HAD20B,,,,,
02250057-030,,,,,
8223054,,,,,
´045673,,,,,
02250151-492,,,,,
ELECT. VAL 2 VIAS ABAJO,,,,,
49905,,,,,
500004310732,,,,,
FILTROS 405158RA ?,,,,,
02250155-175,P THERMISTER 3000 OHM NTC 6 L,SULLAIR,,206.3,
2183910,,,,,
AH1136-FLE,,,,,
LF3349-FLE,,,,,
LX1451,,,,,
400215,,,,,
4360328S,,,,,
ADC120-24,,,,,
02250115-272,VALVULA CHECK 1/4,SULLAIR,,320.1,
OC203,,,,,
ML5421,,,,,
EF-434,,,,,
AF25557,,,,,
AF2555700JX,,,,,
WK94012,,,,,
AF1850-FLE,,,,,
FF105D-FLE,,,,,
LF9009 / LF3000,,,,,
WF2072-FLE,,,,,
W962,FILTRO ACEITE,MV,,49,
FILTRO DE AIRE MV-50,,,,,
88290014-534,SENS. TEMPERATURA P/ST,SULLAIR,,353.4,
250039-910,TRANSDUCER PRES0-250,SULLAIR,,,
`040588,SENSOR TEMPERATURA 240 F.M.C.,SULLAIR,,737.8,
02250129-175,KIT DE AUTODRENAJE PARA WS700,SULLAIR,,306.8,
02250112-031,KIT F.AIRE P/S.20 (del -032),SULLAIR,,119,
´001151,KIT REPAIR-14654 OIL STOP VLV.,SULLAIR,,253.9,
02250110-727,KIT REP VLV PRES MIN S12LFREE*,SULLAIR,,526.2,
250026-758,KIT REP. VLV MINIMA P/241581,SULLAIR,,172.3,
001078RA,KIT REP. CEDAZO RETORNO,SULLAIR,,28.4,
001128-B-RA,KIT ELECTROVLV. S/TRINQUETE,SULLAIR,,92.8,
250025-870,CONECTOR 1/8 TUBO X 5/16 -18,SULLAIR,,139.6,
250025-412,MANGUITO P/6E,SULLAIR,,,
´044905,VALVULA,SULLAIR,,,
041742RA,LAMINAS P/VLV.REG.PRES. KIT,SULLAIR,,67.6,
`021172,ARANDELA DE RESPALDO,SULLAIR,,28.8,
`027441,SEAL VITON MPV(OLD 025693),SULLAIR,,304.9,
02250050-363,RETEN U.C.S.12NEW(250001-900)*,P/SERVICIO | SULLAIR,,1187.2,Servicio Técnico
001175RA,CJTO.DE SELLOS P/FILTRO,SULLAIR,,24.4,
`047630,TACO GOMA P.MOTOR 185Q(04688),SULLAIR,,68.9,
02250092-529,VARIOS,SULLAIR,,,
´046559,VISOR RECUPERAD (VER046559RA),SULLAIR,,308.3,
250039-909,TERMISTOR RTD 100 OHM 12 3.5,SULLAIR,,1049.4,
´042004,ART. ESF. HEM. IZQ 5/16 24UNF,SULLAIR,,21.8,
250011-597,ART. ESF. HEMB. DER. 1/4 28 U,SULLAIR,,26.3,
250011-578,ART. ESF. HEMB. IZQ. 1/4,SULLAIR,,29.7,
049737RA,TAPA COMBUST.P/SULL/ONAN/JLG,SULLAIR,,212.5,
02250127-176,PURGAS DRENAJE,SULLAIR,,293.6,
02250058-087,TERMISTOR RTD 100 P/DS 20 6.0,SULLAIR,,782,
`040541,JUNTA VALVULA DE RETENCION,SULLAIR,,48,
´047628,TACO GOMA MOTOR 185Q (046879),,,122.6,
´049796,ELEMTO ACOPLE REX E-40 P/ S16,SULLAIR,,2110,
822204-000,NIPLE 1/4 NPT SCH80 CORTO 22MM,SULLAIR,,,
241771,FILTRO TIPO V 300 PSI x 1/4,SULLAIR,,168.8,
810504-012,CODO 90¬ 1/4 T x 1/8 NPT M.,SULLAIR,,50.6,
02250100-095,SWITCH TEMP.240ªF NC 3/4 SAE,SULLAIR,,420.1,
1089-0708-11,TEMPERATURE SWITCH,SULLAIR,,,
A028X493-ONA,BULBO PRES ACE (ex 193-0444),ONAN,,158.2,
K65BAA,KIT DE REPARACION,JEFFERSON,,,
K23AA,KIT DE REPARACION,JEFFERSON,,,
270021-405,CILINDRO DE VELOCIDAD,SULLAIR,,507.6,
242429,GASKET OIL STOP VALVE,SULLAIR,,,
´041619,O RING CUADRADO,SULLAIR,,93.1,
001177RA,KIT REP. VLV. PRESION MINIMA,SULLAIR,,117.4,
828406-150,BULON CAB FERRY 3/8-16 x 1 1/2,SULLAIR,,1.7,
250035-041,PIN DRIVE,SULLAIR,,,
882806-150,"CAPSCR, HEX 3/8-24 X 1 1/2 PLT",SULLAIR,,,
250040-924,CHAVETA,SULLAIR,,51,
005898-010,ADHESIVO,SULLAIR,,204.9,
250035-375,CUBO DE ACOPLE,SULLAIR,,204.9,
CÓDIGO,DESCRIPCIÓN,,,,
CC2825-FLE,Compleat EG Premix 50/50 x1Gal,,,,
02250194-959,ELEM. FILTR. P/ SCR 65,SULLAIR,,333.9,
02250195-196,ELEM. FILTR. P/ FXH 1600,SULLAIR,,2234.9,
02250195-193,ELEM FXF-1600 GENERAL PURPOSE,SULLAIR,,2234.9,
CODIGO,DESCRIPCIÓN,PROVEEDOR,,,
7304 AE1,,SKF,,,
7306 BECBM,,SKF,,,
6308-2RS1/C3,,SKF,,,
NU 216 ECP/C3,,SKF,,,
NU 208 ECP,,SKF,,,
31308 J2/QCL7C,,SKF,,,
6207-2Z/C3,,SKF,,,
QJ 208 MA,,SKF,,,
31308/Q/CL7A,,SKF,,,
LM67048/010/Q,,SKF,,,
NU2205 ECP,,SKF,,,
32306/0,,SKF,,,
6312/C3,,SKF,,,
6212-2RS1/C3,,SKF,,,
NU206 ECP,,SKF,,,
30205 J2/Q,,SKF,,,
BT1B 332541 AB/Q,,SKF,,,
30308A,,ROLLWAY,,,
499078-310 / HR303100J,,NSK,,,
6305DDUC3 B AS2S,,NSK,,,
6204Z,,NSK,,,
6210UC3 B,,NSK,,,
M88048,,TIMKEN,,,
394A- 20024,,TIMKEN,,,
HM88610,,TIMKEN,,,
HM88649/610,,TIMKEN,,,
25580,,TIMKEN,,,
6307.2ZR.C3 / H189-0921.HB,,FAG,,,
32206A,,FAG,,,
30309A,,FAG,,,
NU315-E-JP3,,FAG,,,
730 6B,,ZKL,,,
NJ308C3,,NTN,,,
HM88610-N,,KOYO,,,
HM88548-N,,KOYO,,,
7306B,,ZVL,,,
NU207ES,,URB,,,
4T-30206,,NTN,,,
AF1733KM-FLE,,FLEETGUARD,,,
AF490M-FLE,,FLEETGUARD,,,
AF4826K-FLE,,FLEETGUARD,,,
AF4103-FLE,,FLEETGUARD,,,
AF1935M-FLE,,FLEETGUARD,,,
AF25969   /  P781228,,FLEETGUARD,,,
AF947     (SIN CAJA),,FLEETGUARD,,,
AF1934M,,FLEETGUARD,,,
AF25756,,FLEETGUARD,,,
AF935M,,FLEETGUARD,,,
AF872M,,FLEETGUARD,,,
AF25688,,FLEETGUARD,,,
AF26400,,FLEETGUARD,,,
AS2201,,FLEETGUARD,,,
AF1850 (SIN CAJA),,FLEETGUARD,,,
EF-526/  A41001000092,,LANSS,,,
EF-881,,LANSS,,,
EF-507      NP46968,,LANSS,,,
EF-508       NP46981,,LANSS,,,
PF-560/1SC,,LANSS,,,
EF-864R    /  AF25175,,LANSS,,,
EF-473      /  AF820M,,LANSS,,,
EF-897       / AF1744M,,LANSS,,,
EF-793R  (SIN CAJA),,LANSS,,,
AF4564,,LANSS,,,
EF-831,,LANSS,,,
EF-574 (Caja no tirar),,LANSS,,,
61-2501   /    15000209  DR6,,CATERPILLAR,,,
15000172-(329),,CATERPILLAR,,,
211-2661     -(416E),,CATERPILLAR,,,
AF25557   / P828889  / 110-6326,,CATERPILLAR,,,
NP293-4053   PRIM:227-7448       416E/420E,,CATERPILLAR,,,
AF25570  -   P607365,,DONALDSON,,,
AF26400   -   P782108,,DONALDSON,,,
AF27940   -P953211,,DONALDSON,,,
AF25437   -   P537876,,DONALDSON,,,
AF27995    -   P953215,,DONALDSON,,,
AF26399     -  P782105,,DONALDSON,,,
V1003060 (para ATLAS) 708,,DONALDSON,,,
LX5312,,MAHLE,,,
LX1313/1,,MAHLE,,,
LX712   -  P380,,MAHLE,,,
LX814/1,,MAHLE,,,
INGERSOLL-RAND: 39843693,,VARIOS,,,
MARENO: EF-864R,,VARIOS,,,
MERCEDES BENZ: A0040943504,,VARIOS,,,
MOTOR GM: 046981/046968/750Q,,VARIOS,,,
LUBER-FINER: AF1767,,VARIOS,,,
DARMET: VP1702,,VARIOS,,,
DARMET: VP2769,,VARIOS,,,
MANN: 49002  52192,,VARIOS,,,
SULLAIR: 250034081,,VARIOS,,,
HASTING: J-3031,,VARIOS,,,
JOHN DEERE: AT171854,,VARIOS,,,
ALKA AF-IAC-0529 NP1705,,VARIOS,,,
ACOPLE,,VARIOS,,,
W950,FILTRO ACEITE,MV,,47,
021201001.01,VLV. DE ADMISION,MV,,263,
02350201001.01,BOTON PARADA DE EMERG.,MV,,9,
024101002.01,MANOMETRO,MV,,40,
021101001.02,VLV. PRESION MIN,MV,,95,
025001001.10,CONTROLADOR MAM-860,MV,,570,
LC1R1801M5N,AC CONTACTOR,MV,,7,
021301001.09,ELECTROVALVULA DE ADM.,MV,,140,
021301001.10,VLV. SOLENOIDE,MV,,80,
LC1R0601M5N,AC CONTACTOR,MV,,70,
021301001.01,VLV. SOLENOIDE,MV,,140,
LC1R2501M5N,AC CONTACTOR,MV,,100,
JIV-40,VLV. DE ADMISION,MV,,370,
SB461,FILTRO SEPARADOR,MV,,175,
SB564,FILTRO SEPARADOR,MV,,193,
MVP-32A,FILTRO DE AIRE,MV,,98,
JIV-65,VLV. DE ADMISION,MV,,420,
023701005.06,VLV. PRESION MIN,MV,,230,
40523,JUNTA FLEXMASTER 3 S.20,SULLAIR,,182.5,
0307-3070,RELAY 12V,CUMMINS,,131.7,
