id_stock,codigo,cantidad,ubicacion,precio,precio_total,fecha_control
STK-00001,02250209-667,1,A,590.5,590.5,2026-07-06
STK-00002,02250209-581,1,A,454.5,454.5,2026-07-06
STK-00003,02250209-579,0,A,538.7,0.0,2026-08-07
STK-00004,´042582,0,A,,,2026-05-21
STK-00005,88290018-640,2,A,1890.9,3781.8,2026-05-21
STK-00006,ESD5500E,10,-,,,2026-07-23
STK-00007,2004438,1,A,,,2026-05-26
STK-00008,250023-218,0,A,,,2026-05-21
STK-00009,3655944,10,-,,,2026-07-23
STK-00010,ADC120-12,2,-,,,2026-07-23
STK-00011,ADC120-12,6,-,,,2026-07-23
STK-00012,250023-340,0,A,,,2026-05-21
STK-00013,`040930,0,A,132.3,0.0,2026-05-21
STK-00014,0250025-001,1,A,,,2026-05-21
STK-00015,826502-232,1,A,36.4,36.4,2026-05-21
STK-00016,250022-782,1,A,44.3,44.3,2026-05-21
STK-00017,02250155-536,1,A,2106,2106,2026-05-21
STK-00018,`040523,1,A,182.5,182.5,2026-05-21
STK-00019,02250166-967,1,A,,,2026-05-21
STK-00020,`040091,1,A,17.5,17.5,2026-05-21
STK-00021,`040649,2,A,,,2026-05-21
STK-00022,02250152-810,2,A,121.5,243.0,2026-05-21
STK-00023,307-3070,3,A,131.7,395.09999999999997,2026-05-21
STK-00024,250040-904,2,A,223.8,447.6,2026-05-21
STK-00025,68722536,1,A,24.4,24.4,2026-05-21
STK-00026,7010944,1,A,90.3,90.3,2026-05-21
STK-00027,250006-526,1,A,142.5,142.5,2026-05-21
STK-00028,02250209-583,1,A,417.2,417.2,2026-05-21
STK-00029,`001684,1,A,162.5,162.5,2026-05-21
STK-00030,S/C,3,A,,,2026-05-21
STK-00031,4954473,1,A,87,87,2026-05-21
STK-00032,0357-0030,1,A,31,31,2026-05-21
STK-00033,267351,1,A,,,2026-05-21
STK-00034,3921642,1,A,,,2026-05-21
STK-00035,300-2812,2,A,4693,9386,2026-05-21
STK-00036,300-4750,1,A,,,2026-05-21
STK-00037,1810716,1,A,,,2026-05-21
STK-00038,300-4308,1,A,,,2026-05-21
STK-00039,300-4296,1,A,5720.8,5720.8,2026-05-21
STK-00040,300-5148-04,1,A,602,602,2026-05-21
STK-00041,0327-1513,2,A,,,2026-05-21
STK-00042,300-3953-01,1,A,,,2026-05-21
STK-00043,4935095,0,A,1057,0,2026-05-21
STK-00044,0300-4819,1,A,4387.8,4387.8,2026-05-21
STK-00045,300-5179,1,A,3145.7,3145.7,2026-05-21
STK-00046,02250049-415,1,A,670.2,670.2,2026-05-21
STK-00047,300-6207-01,1,A,306,306,2026-05-21
STK-00048,250021-755,1,A,369.1,369.1,2026-05-21
STK-00049,02250152-678,1,A,186.1,186.1,2026-05-21
STK-00050,02250152-670,1,A,323.5,323.5,2026-05-21
STK-00051,02250152-679,1,A,228.2,228.2,2026-05-21
STK-00052,02250152-671,1,A,454.2,454.2,2026-05-21
STK-00053,1060300,1,A,9.9,9.9,2026-05-21
STK-00054,02250152-669,6,A,186.1,1116.6,2026-05-21
STK-00055,02250152-677,0,A,148.4,0.0,2026-05-21
STK-00056,249608-014,2,A,92.3,184.6,2026-05-21
STK-00057,`047398,1,A,,,2026-05-21
STK-00058,1801500,1,A,,,2026-05-21
STK-00059,357-0030,1,A,31,31,2026-05-21
STK-00060,02250049-020,1,A,1868.4,1868.4,2026-05-21
STK-00061,-,0,A,,,2026-05-21
STK-00062,02250155-714,1,A,735.8,735.8,2026-05-21
STK-00063,040528RA,1,A,584.3,584.3,2026-05-21
STK-00064,270001-030,1,A,398.7,398.7,2026-05-21
STK-00065,250025-621,1,A,766.6,766.6,2026-05-21
STK-00066,88290015-219,1,A,841.8,841.8,2026-05-21
STK-00067,02250053-273,2,A,1214.1,2428.2,2026-05-21
STK-00068,`040771,2,A,255.3,510.6,2026-05-21
STK-00069,250028-762,1,A,262.5,262.5,2026-05-21
STK-00070,02250182-546,0,A,215.7,0.0,2026-05-21
STK-00071,270008-586,4,A,386,1544,2026-05-21
STK-00072,02250047-679,1,A,949.3,949.3,2026-05-21
STK-00073,02250103-131,1,A,,,2026-05-21
STK-00074,´040307,2,A,,,2026-05-21
STK-00075,´011531,2,A,262.5,525.0,2026-05-21
STK-00076,405815-001,1,A,239.3,239.3,2026-05-21
STK-00077,02250155-536,1,A,2106,2106,2026-05-21
STK-00078,´042034,1,A,984,984,2026-05-21
STK-00079,250017-451,1,A,,,2026-05-21
STK-00080,02250129-683,1,A,1032.7,1032.7,2026-05-21
STK-00081,250005-185,3,A,,,2026-08-06
STK-00082,250004-641,1,A,1016.9,1016.9,2026-07-06
STK-00083,´001105,2,A,,,2026-05-21
STK-00084,250040-892,1,A,,,2026-05-21
STK-00085,02250125-856,1,A,325.7,325.7,2026-05-21
STK-00086,02250125-657,0,A,830.4,0.0,2026-05-21
STK-00087,02250226-353,1,A,1004.9,1004.9,2026-05-21
STK-00088,02250125-705,1,A,1361.4,1361.4,2026-05-21
STK-00089,250031-431,1,A,3333.8,3333.8,2026-05-21
STK-00090,02250056-838,1,A,,,2026-05-21
STK-00091,250025-362,1,A,496.8,496.8,2026-05-21
STK-00092,´047536,1,A,312.6,312.6,2026-05-21
STK-00093,250016-394,1,A,106.3,106.3,2026-05-21
STK-00094,02250129-626,1,A,553.3,553.3,2026-05-21
STK-00095,02250048-822,1,A,70,70,2026-05-21
STK-00096,02250127-175,1,A,306.8,306.8,2026-05-21
STK-00097,C635-0011-03-ONA,2,A,160.7,321.4,2026-05-21
STK-00098,C635-0011-01-ONA,0,A,103.6,0.0,2026-05-21
STK-00099,02250136-694,1,B,520.1,520.1,2026-05-21
STK-00100,1001109498,1,B,,,2026-07-31
STK-00101,2200902017,1,B,,,2026-07-21
STK-00102,1622-7064-04,1,B,,,2026-07-21
STK-00103,CWM150E,2,B,1258.1,2516.2,2026-05-21
STK-00104,4360470-JLG,1,B,62.7,62.7,2026-07-07
STK-00105,LA7 D1064,5,B,,,2026-05-21
STK-00106,3084891,1,B,,,2026-05-21
STK-00107,4935094,1,B,,,2026-05-21
STK-00108,206996,1,B,,,2026-05-21
STK-00109,110-3737,1,B,67,67,2026-05-21
STK-00110,215041,1,B,160,160,2026-05-21
STK-00111,610128,1,B,1933.6,1933.6,2026-05-21
STK-00112,300-4054,1,B,,,2026-05-21
STK-00113,0300-5146,1,B,2202.6,2202.6,2026-05-21
STK-00114,191-1949-07,1,B,912.5,912.5,2026-05-21
STK-00115,02250215-617,2,B,600.9,1201.8,2026-05-21
STK-00116,S/C,1,B,,,2026-05-21
STK-00117,8250-1505,1,B,,,2026-05-21
STK-00118,A41018-B&L,2,B,53,106,2026-05-21
STK-00119,3904981,1,B,77.4,77.4,2026-05-21
STK-00120,306-4287,2,B,,,2026-05-21
STK-00121,300-5372,1,B,,,2026-05-21
STK-00122,300-5985,1,B,2491.8,2491.8,2026-05-21
STK-00123,0191-2216,1,B,,,2026-05-21
STK-00124,418-0098,1,B,,,2026-05-21
STK-00125,307-0623-ONA,1,B,,,2026-05-21
STK-00126,´03004271,1,B,,,2026-05-21
STK-00127,418-0531,1,B,,,2026-05-21
STK-00128,307-9828,1,B,,,2026-05-21
STK-00129,302-1147,1,B,407.3,407.3,2026-05-21
STK-00130,307-0845,1,B,101.1,101.1,2026-05-21
STK-00131,305-0781,1,B,,,2026-05-21
STK-00132,302-1864,1,B,,,2026-05-21
STK-00133,510-0171,4,B,,,2026-05-21
STK-00134,302-0807,1,B,255.8,255.8,2026-05-21
STK-00135,112-0085,1,B,9.4,9.4,2026-05-21
STK-00136,110-3604,1,B,20,20,2026-05-21
STK-00137,309-0561,1,B,,,2026-05-21
STK-00138,380-4744,1,B,,,2026-05-21
STK-00139,309-0269,1,B,160.1,160.1,2026-05-21
STK-00140,115-0129,1,B,,,2026-05-21
STK-00141,308-0784,1,B,88.9,88.9,2026-05-21
STK-00142,353-0094-01,1,B,47.9,47.9,2026-05-21
STK-00143,307-0628,1,B,,,2026-05-21
STK-00144,115-0127,1,B,,,2026-05-21
STK-00145,1812635Q169,1,B,,,2026-05-21
STK-00146,110-1220,1,B,107.2,107.2,2026-05-21
STK-00147,110-1870,1,B,94,94,2026-05-21
STK-00148,115-0128,1,B,,,2026-05-21
STK-00149,320-1601-01,1,B,,,2026-05-21
STK-00150,302-1844,1,B,,,2026-05-21
STK-00151,250000-103,1,B,,,2026-05-21
STK-00152,505-0089,3,B,,,2026-05-21
STK-00153,300-3115-02,1,B,1054,1054,2026-05-21
STK-00154,302-1642,1,B,414,414,2026-05-21
STK-00155,357-0093,1,B,,,2026-05-21
STK-00156,193-0375,1,B,68.4,68.4,2026-05-21
STK-00157,312-0203,1,B,,,2026-05-21
STK-00158,303-0261,1,B,634.9,634.9,2026-05-21
STK-00159,307-1058,1,B,76.9,76.9,2026-05-21
STK-00160,154-0712,1,B,,,2026-05-21
STK-00161,226-4530,1,B,,,2026-05-21
STK-00162,300-5151,2,B,,,2026-05-21
STK-00163,302-1859-01,1,B,,,2026-05-21
STK-00164,302-0807,1,B,255.8,255.8,2026-05-21
STK-00165,309-0438,1,B,,,2026-05-21
STK-00166,300-4099,1,B,,,2026-05-21
STK-00167,300-3160,1,B,,,2026-05-21
STK-00168,0309-0649,1,B,376,376,2026-05-21
STK-00169,307-2577,1,B,1550.4,1550.4,2026-05-21
STK-00170,191-1953,1,B,440.1,440.1,2026-05-21
STK-00171,0320-0876,2,B,172.9,345.8,2026-05-21
STK-00172,320-0505,3,B,61.3,183.89999999999998,2026-05-21
STK-00173,193-0375,1,B,68.4,68.4,2026-05-21
STK-00174,110-1221,1,B,10.6,10.6,2026-05-21
STK-00175,191-1951,2,B,90.9,181.8,2026-05-21
STK-00176,309-0439,1,B,,,2026-05-21
STK-00177,154-0712,1,B,,,2026-05-21
STK-00178,110-1278,1,B,,,2026-05-21
STK-00179,112-0093,2,B,,,2026-05-21
STK-00180,0353-0094-01,1,B,47.9,47.9,2026-05-21
STK-00181,307-2591,1,B,104.4,104.4,2026-05-21
STK-00182,191-1953,1,B,440.1,440.1,2026-05-21
STK-00183,270011-274,1,B,299,299,2026-05-21
STK-00184,LC1D09,1,B,,,2026-08-11
STK-00185,LC1D12F7,1,B,,,2026-08-11
STK-00186,LC1D09F7,1,B,,,2026-08-11
STK-00187,LC1D8,0,B,,,2026-07-06
STK-00188,LRD33,2,B,257.3,514.6,
STK-00189,LC1D80F7,2,B,,,
STK-00190,LC1R2501,3,B,,,2026-08-12
STK-00191,02250215-660,1,B,1085.8,1085.8,2026-07-31
STK-00192,1001178139-JLG,0,B,494,0,2026-07-31
STK-00193,042034RA,2,B,408.4,816.8,2026-08-11
STK-00194,AF25555,0,C,,,2026-05-21
STK-00195,88292046-727,1,C,,,2026-06-16
STK-00196,CC2825,2,C,36.3,72.6,2026-05-21
STK-00197,02250127-684,2,C,,,2026-05-21
STK-00198,MR447,2,C,59.86,119.72,2026-05-21
STK-00199,200F*200H*132,1,C,,,2026-05-21
STK-00200,HD9839,2,C,31.94,63.88,2026-05-21
STK-00201,HD9841,2,C,42.59,85.18,2026-05-21
STK-00202,HD7998,2,C,23.64,47.28,2026-05-21
STK-00203,P150135,1,C,,,2026-05-21
STK-00204,MLX2533,1,C,54.01,54.01,2026-05-21
STK-00205,MR390,1,C,55.37,55.37,2026-05-21
STK-00206,HD3003,1,C,19.15,19.15,2026-05-21
STK-00207,HD8234,1,C,23.15,23.15,2026-05-21
STK-00208,HD9838,1,C,26.21,26.21,2026-05-21
STK-00209,HD9837,3,C,36.11,108.33,2026-05-21
STK-00210,KX77,0,C,33.16,0.0,2026-05-21
STK-00211,P610696,1,C,,,2026-05-21
STK-00212,MR447,1,C,76.05,76.05,2026-05-21
STK-00213,LXS312,1,C,61.07,61.07,2026-05-21
STK-00214,HD5673,1,C,33.51,33.51,2026-05-21
STK-00215,LX1313,1,C,130.24,130.24,2026-05-21
STK-00216,AF26044-FLE,1,C,,,2026-07-06
STK-00217,AF25278,0,C,,,
STK-00218,HF35018,1,C,,,2026-05-21
STK-00219,HF6057,1,C,19.1,19.1,2026-05-21
STK-00220,HF6553,1,C,65.6,65.6,2026-05-21
STK-00221,HF6588,1,C,,,2026-05-21
STK-00222,HF6424,1,C,55.1,55.1,2026-05-21
STK-00223,HF7535,0,C,,,2026-05-21
STK-00224,FF5021,7,C,17,119,2026-05-21
STK-00225,FF5052,1,C,17.1,17.1,2026-05-21
STK-00226,FF5031,1,C,62.8,62.8,2026-05-21
STK-00227,FF5032,1,C,60.9,60.9,2026-05-21
STK-00228,FF5405,2,C,79.4,158.8,2026-05-21
STK-00229,FF5079,2,C,11,22,2026-05-21
STK-00230,HF6141,1,C,,,2026-08-06
STK-00231,FF5624,1,C,,,2026-05-21
STK-00232,FF202,4,C,35.5,142.0,2026-05-21
STK-00233,FF5421,0,C,26.2,0.0,2026-05-21
STK-00234,FS19805,1,C,91.4,91.4,2026-05-21
STK-00235,FS1015,1,C,,,2026-05-21
STK-00236,FS1000,1,C,27.6,27.6,2026-05-21
STK-00237,FS1275,0,C,33.6,0.0,2026-05-21
STK-00238,FS19734,1,C,,,2026-05-21
STK-00239,FS1242,2,C,24.1,48.2,2026-05-21
STK-00240,FS20009,1,C,71.7,71.7,2026-05-21
STK-00241,FS19727-FLE,3,C,41.5,124.5,2026-05-21
STK-00242,FS19972-FLE,1,C,63.2,63.2,2026-05-21
STK-00243,FF203,5,C,34.4,172.0,2026-05-21
STK-00244,FF105,1,C,16.8,16.8,2026-07-06
STK-00245,FF146,4,C,,,2026-05-21
STK-00246,FF5580,0,C,31.3,0.0,2026-05-21
STK-00247,LF3970,0,C,20.3,0.0,2026-05-21
STK-00248,LF700,1,C,21.5,21.5,2026-05-21
STK-00249,LF3345,1,C,17.3,17.3,2026-05-21
STK-00250,LF699,1,C,17.2,17.2,2026-05-21
STK-00251,LF3349,2,C,11.6,23.2,2026-05-21
STK-00252,LF3373,2,C,11.6,23.2,2026-05-21
STK-00253,LF3325,0,C,40.8,0.0,2026-06-09
STK-00254,LF3605,2,C,,,2026-05-21
STK-00255,LF4045,0,C,,,2026-05-21
STK-00256,LF4054-FLE,2,C,21.6,43.2,2026-05-21
STK-00257,LF670,1,C,22.8,22.8,2026-05-21
STK-00258,LF3000,1,C,49.1,49.1,2026-05-21
STK-00259,LF667,3,C,19.2,57.599999999999994,2026-05-21
STK-00260,LF777,1,C,29.5,29.5,2026-05-21
STK-00261,LF701,1,C,18.7,18.7,2026-05-21
STK-00262,LF3573,2,C,,,2026-05-21
STK-00263,LF3883,1,C,42.6,42.6,2026-05-21
STK-00264,LF14000NN,1,C,92,92,2026-05-21
STK-00265,LF9000,4,C,108.5,434.0,2026-05-21
STK-00266,LF9009,0,C,49.1,0.0,2026-05-21
STK-00267,LF691A,2,C,37.9,75.8,2026-05-21
STK-00268,FS1006,0,C,76.8,0.0,2026-06-09
STK-00269,FS19732,2,C,57.6,115.2,2026-05-21
STK-00270,FS19732,5,C,57.6,288.0,
STK-00271,FS19730,4,C,32.2,128.8,2026-05-21
STK-00272,FS1003,1,C,50.3,50.3,2026-05-21
STK-00273,FS1280,2,C,15.9,31.8,2026-05-21
STK-00274,WF2070,0,C,26.6,0.0,2026-05-21
STK-00275,WF2071,0,C,17.8,0.0,2026-05-21
STK-00276,WF2072,2,C,22.4,44.8,2026-05-21
STK-00277,WF2073,1,C,24.1,24.1,2026-05-21
STK-00278,WF2074,1,C,24.1,24.1,2026-05-21
STK-00279,WF2076,0,C,50.55,0.0,2026-05-21
STK-00280,´040146,16,C,111.9,1790.4,2026-05-21
STK-00281,´040649,11,C,123.8,1361.8,2026-05-21
STK-00282,´045672,13,C,414.3,5385.900000000001,2026-05-21
STK-00283,AH19037,0,C,96.9,0.0,2026-05-21
STK-00284,88290015-902,3,C,60.3,180.89999999999998,2026-05-21
STK-00285,88290016-410,6,C,75.6,453.59999999999997,2026-05-21
STK-00286,88290017-056,3,C,62.1,186.3,2026-05-21
STK-00287,88290015-901,2,C,60.3,120.6,2026-05-21
STK-00288,KB8220,5,C,,,2026-05-21
STK-00289,WD719,5,C,,,2026-05-21
STK-00290,23801001.01,4,C,,,2026-05-21
STK-00291,LX3986,2,C,,,2026-05-21
STK-00292,040694RA,3,C,,,2026-05-21
STK-00293,HF6182,0,C,,,2026-05-28
STK-00294,AF1855-FLE,3,C,,,2026-05-29
STK-00295,MC003,2,C,,,2026-07-06
STK-00296,MDH366,1,C GRIS,,,2026-05-27
STK-00297,MR406,1,C GRIS,,,2026-05-27
STK-00298,LA428/S,1,C GRIS,,,2026-05-21
STK-00299,LA87,1,C GRIS,,,2026-05-21
STK-00300,HK1251,1,C GRIS,,,2026-05-21
STK-00301,HK205,1,C GRIS,,,2026-05-21
STK-00302,MDH201,0,C GRIS,,,2026-05-21
STK-00303,MDH362/8,0,C GRIS,,,2026-05-21
STK-00304,MDH291,0,C GRIS,,,2026-05-21
STK-00305,MDH218,2,C GRIS,,,2026-05-21
STK-00306,MR371,1,C GRIS,,,2026-05-21
STK-00307,LX993,1,C GRIS,,,2026-05-21
STK-00308,AA2366,2,C GRIS,,,2026-05-21
STK-00309,HLP4147,1,C GRIS,,,2026-05-21
STK-00310,LX5208,0,C GRIS,,,2026-05-21
STK-00311,LX3486,1,C GRIS,,,2026-05-21
STK-00312,P551808,1,C GRIS,,,2026-05-21
STK-00313,P165675,1,C GRIS,,,2026-05-21
STK-00314,P165569,1,C GRIS,,,2026-05-21
STK-00315,P951419,1,C GRIS,,,2026-05-21
STK-00316,P559000,1,C GRIS,,,2026-05-21
STK-00317,B76,1,C GRIS,,,2026-05-21
STK-00318,BR-1075,2,C GRIS,,,2026-05-21
STK-00319,LX673,1,C GRIS,,,2026-05-21
STK-00320,FAC973,0,C GRIS,,,2026-05-21
STK-00321,4T-GX-3402,0,C GRIS,,,2026-05-21
STK-00322,EF-427,1,C GRIS,,,2026-05-21
STK-00323,HF-3058,2,C GRIS,,,2026-05-21
STK-00324,RE160JQll,2,C GRIS,,,2026-05-21
STK-00325,2120150,1,C GRIS,,,2026-05-21
STK-00326,MR378,3,C GRIS,,,2026-05-21
STK-00327,MR051,1,C GRIS,,,2026-05-21
STK-00328,MR378/S,4,C GRIS,,,2026-05-21
STK-00329,MR366,1,C GRIS,,,2026-05-21
STK-00330,AA1127,5,C GRIS,,,2026-05-21
STK-00331,TR30179,1,C GRIS,,,2026-05-21
STK-00332,BF7675-D,1,C GRIS,,,2026-05-21
STK-00333,AA1436/1E,1,C GRIS,,,2026-05-21
STK-00334,WKU-1001/V,0,C GRIS,,,2026-05-21
STK-00335,AA1288/1,0,C GRIS,,,2026-05-21
STK-00336,HLP2206,0,C GRIS,,,2026-05-21
STK-00337,-,4,C GRIS,,,2026-05-21
STK-00338,LX486,1,C GRIS,,,2026-05-21
STK-00339,3801708-CMM,1,C GRIS,1961,1961,2026-05-21
STK-00340,405158RA,0,C GRIS,225.4,0.0,2026-05-21
STK-00341,405158RA,12,-,225.4,2704.8,2026-05-21
STK-00342,LA1045,0,C GRIS,,,2026-07-06
STK-00343,LX2082/1,1,C GRIS,,,2026-05-21
STK-00344,C1140,1,C GRIS,,,2026-05-21
STK-00345,LX1801,2,C GRIS,,,2026-05-21
STK-00346,MR372,1,C GRIS,,,2026-05-21
STK-00347,FAC887,2,C GRIS,,,
STK-00348,C-70130,1,C GRIS,,,2026-07-06
STK-00349,FF-02FI,1,C GRIS,,,2026-07-06
STK-00350,MDH308,1,C GRIS,,,2026-07-06
STK-00351,MR299,1,C GRIS,,,2026-07-06
STK-00352,270016-209,1,C GRIS,631.3,631.3,2026-07-06
STK-00353,270009-102,4,D,,,2026-05-21
STK-00354,LX265,6,D,,,2026-05-21
STK-00355,270009-103,9,D,,,2026-05-21
STK-00356,LXS 37/1,1,D,,,2026-05-21
STK-00357,V-719,1,D,,,2026-05-21
STK-00358,V-720,2,D,,,2026-05-21
STK-00359,VP-799,1,D,,,
STK-00360,VP-799/S,1,D,,,
STK-00361,LXS5/1,4,D,,,2026-05-21
STK-00362,LX275,4,D,,,2026-05-21
STK-00363,270009-081,4,D,,,2026-05-21
STK-00364,LXS41/1,7,D,,,2026-05-21
STK-00365,270009-082,4,D,,,2026-05-21
STK-00366,LX236,7,D,,,2026-05-21
STK-00367,040899RA,10,D,59,590,2026-05-21
STK-00368,02250102-160RA,0,D,107,0,2026-05-21
STK-00369,02250102-158RA,0,D,,,2026-05-21
STK-00370,02250043-291,0,E,665.3,0.0,2026-07-31
STK-00371,02250164-532RA,2,E,241.4,482.8,2026-07-06
STK-00372,AF25557-FLE,2,E,34.7,69.4,2026-07-06
STK-00373,AF4548,1,E,193.9,193.9,2026-07-06
STK-00374,AF947,2,E,69.6,139.2,2026-07-06
STK-00375,02250125-372,2,E,90,180,2026-07-06
STK-00376,AF25558,4,E,23.5,94.0,2026-07-06
STK-00377,270007-324,2,E,100.6,201.2,2026-07-06
STK-00378,270007-323,1,E,178.1,178.1,2026-07-06
STK-00379,02250137-895,6,E,827.4,4964.4,2026-07-06
STK-00380,02250137-895,5,-,827.4,4137.0,2026-07-06
STK-00381,02250215-617,5,E,600.9,3004.5,2026-07-06
STK-00382,250028-034,1,E,75.5,75.5,2026-07-06
STK-00383,02250156-601,1,E,255.6,255.6,2026-07-06
STK-00384,02250111-804,1,E,169.8,169.8,2026-07-06
STK-00385,02250215-621,5,E,851,4255,2026-07-06
STK-00386,02250127-684,4,E,216.1,864.4,2026-07-06
STK-00387,02250127-684,6,-,216.1,1296.6,2026-07-06
STK-00388,02250139-995,4,E,494.8,1979.2,2026-07-06
STK-00389,250028-033,1,E,369,369,2026-07-06
STK-00390,02250125-372,3,E,90,270,2026-07-06
STK-00391,02250125-372,2,-,90,180,2026-07-06
STK-00392,FA-3453,3,E,,,2026-07-06
STK-00393,FA-3962,1,E,,,2026-07-06
STK-00394,AH1196,1,E,126.9,126.9,2026-07-06
STK-00395,AF26173-FLE,0,E,185.4,0.0,2026-07-06
STK-00396,AH1136,0,E,74.4,0.0,2026-07-06
STK-00397,AF25957,1,E,70.2,70.2,2026-05-21
STK-00398,7139077-TRA,1,F,78.7,78.7,2026-07-06
STK-00399,´000098,10,F,85.4,854.0,2026-07-06
STK-00400,88290014-485,6,F,,,2026-07-06
STK-00401,88290014-485,4,F,110.1,440.4,2026-07-06
STK-00402,88290015-049,5,F,308.7,1543.5,2026-07-06
STK-00403,02250168-084,10,-,381.6,3816.0,2026-07-06
STK-00404,02250168-084,19,F,381.6,7250.400000000001,2026-07-06
STK-00405,250025-526,8,F,189,1512,2026-07-06
STK-00406,250025-526,0,F,189,0,2026-07-06
STK-00407,88290014-484,4,F,88.7,354.8,2026-07-06
STK-00408,88290014-484,5,F,88.7,443.5,2026-07-06
STK-00409,250025-525,5,F,141.5,707.5,2026-07-06
STK-00410,250025-525,5,F,141.5,707.5,2026-07-06
STK-00411,02250125-370,4,F,60,240,2026-07-06
STK-00412,EF-526,1,F,314.4,314.4,2026-07-06
STK-00413,250034-118,1,F,861,861,2026-07-06
STK-00414,88290015-567,5,F,329.2,1646.0,2026-07-06
STK-00415,88290014-486,5,F,95.1,475.5,2026-07-06
STK-00416,02250100-755,2,F,876.3,1752.6,2026-07-06
STK-00417,02250100-755,5,-,876.3,4381.5,2026-07-06
STK-00418,02250100-756,2,F,594.3,1188.6,2026-07-06
STK-00419,02250100-756,5,F,,,2026-07-06
STK-00420,250034-128,1,F,1021.4,1021.4,2026-07-06
STK-00421,250034-128,2,-,1021.4,2042.8,2026-07-06
STK-00422,LX200/HP8528,1,G,,,2026-07-06
STK-00423,02250168-053,2,G,680.7,1361.4,2026-07-06
STK-00424,02250168-053,11,-,680.7,7487.700000000001,2026-07-06
STK-00425,408242,1,G,141.5,141.5,
STK-00426,02250218-885,3,G,1637.9,4913.700000000001,2026-07-06
STK-00427,02250078-031,3,G,503.4,1510.1999999999998,2026-07-06
STK-00428,02250078-031,0,-,503.4,0.0,2026-07-06
STK-00429,250034-112,2,G,638.3,1276.6,2026-07-06
STK-00430,250028-032,3,G,107.1,321.29999999999995,2026-07-06
STK-00431,02250175-063,2,G,238.6,477.2,2026-07-06
STK-00432,02250175-063,1,-,238.6,238.6,2026-07-06
STK-00433,02250175-062,2,G,614.4,1228.8,2026-07-06
STK-00434,02250175-062,4,-,614.4,2457.6,2026-07-06
STK-00435,250015-586,0,G,189,0,2026-07-06
STK-00436,LXS296,1,G,,,2026-07-06
STK-00437,HDS838,1,G,,,2026-07-06
STK-00438,HDS837,3,G,,,2026-07-06
STK-00439,HDS839,1,G,,,2026-07-06
STK-00440,HDS203,1,G,,,2026-07-06
STK-00441,MR366,1,G,,,2026-07-06
STK-00442,6.3672.2,3,G,246,738,2026-07-06
STK-00443,6.3792.2,0,G,,,2026-07-06
STK-00444,6.3462.0,2,G,,,2026-07-06
STK-00445,6.4432.0,6,G,60,360,2026-07-06
STK-00446,6.4434.0,1,G,,,2026-07-22
STK-00447,6.4139.0,1,entrepiso,88,88,2026-08-12
STK-00448,6.3568.0,1,entrepiso,530,530,2026-08-12
STK-00449,6.3464.1,2,G,85,170,2026-08-12
STK-00450,6.4149.2,1,G,95,95,2026-08-12
STK-00451,6.3567.0,1,entrepiso,584,584,2026-08-12
STK-00452,6.4148.0,3,G,220,660,2026-08-12
STK-00453,6.3760.0,1,entrepiso,612,612,2026-08-12
STK-00454,6.3465.0,1,G,190,190,2026-08-12
STK-00455,901524.0,1,G,198,198,2026-08-12
STK-00456,901504.0,1,G,190,190,2026-08-12
STK-00457,6.3623.0,1,entrepiso,,,2026-08-20
STK-00458,1613872000,0,,30,0,
STK-00459,1625480050,0,,30,0,
STK-00460,2903775300,0,,220,0,
STK-00461,1202804003,0,,30,0,
STK-00462,02250135-155,1,G,684.4,684.4,2026-07-06
STK-00463,02250135-155,23,-,684.4,15741.199999999999,2026-07-06
STK-00464,02250155-709,9,G,222.3,2000.7,2026-07-06
STK-00465,02250155-709,11,-,222.3,2445.3,2026-07-06
STK-00466,CF600/1,1,G,,,2026-07-06
STK-00467,HS801 / LXS401,1,G,,,2026-07-06
STK-00468,408107,1,G,112.2,112.2,2026-07-06
STK-00469,AT14879,1,H,,,2026-07-06
STK-00470,02250229-242,1,H,1960.1,1960.1,2026-07-06
STK-00471,250034-087,0,H,999.5,0.0,2026-07-06
STK-00472,250034-086,1,H,1398.1,1398.1,2026-07-06
STK-00473,02250145-897,1,H,697.3,697.3,2026-07-06
STK-00474,250034-120,1,H,1288.5,1288.5,2026-07-06
STK-00475,250034-120,2,-,1288.5,2577.0,2026-07-06
STK-00476,LX3486,0,H,,,2026-07-06
STK-00477,MZ3,1,H,,,2026-08-11
STK-00478,FF-560 R/S,2,H,,,2026-07-06
STK-00479,R28-30M,1,H,,,2026-07-06
STK-00480,R90HDP-VOL,1,H,,,2026-07-06
STK-00481,R90-30M,2,H,,,2026-07-06
STK-00482,FBS490/1,1,H,,,2026-07-06
STK-00483,BC-C2019,5,H,,,2026-07-06
STK-00484,BC-C2008,6,H,,,2026-07-06
STK-00485,500-0480,2,H,,,2026-07-06
STK-00486,436-7077,1,H,,,2026-07-06
STK-00487,1G-8878,1,H,,,2026-07-06
STK-00488,1R-0751,1,H,,,2026-07-06
STK-00489,7W-2326,1,H,,,2026-07-06
STK-00490,G149,2,H,,,2026-07-06
STK-00491,GF704,2,H,,,2026-07-06
STK-00492,DZ118286,2,H,,,2026-07-06
STK-00493,RE62418,1,H,,,2026-07-06
STK-00494,RE62419,1,H,,,2026-07-06
STK-00495,RE504836,2,H,,,2026-07-06
STK-00496,H601/4,1,H,,,2026-07-06
STK-00497,HU721,1,H,,,2026-07-06
STK-00498,HX15,3,H,,,2026-07-06
STK-00499,HX15,2,H,,,2026-07-06
STK-00500,HX15,1,H,,,2026-07-06
STK-00501,67502-26600-71,2,H,,,2026-07-06
STK-00502,247050,1,H,,,2026-07-06
STK-00503,84403847,1,H,,,2026-07-06
STK-00504,2120158,1,H,,,2026-07-06
STK-00505,V-612,1,H,,,2026-07-06
STK-00506,G-315,1,H,,,2026-07-06
STK-00507,G-306,1,H,,,2026-07-06
STK-00508,FCS-15119,1,H,,,2026-07-06
STK-00509,BR-1077,1,H,,,2026-07-06
STK-00510,BR-1196,1,H,,,2026-07-06
STK-00511,LFF3536,1,H,,,2026-07-06
STK-00512,HF-3045,1,H,,,2026-07-06
STK-00513,FCS-54,1,H,,,2026-07-06
STK-00514,AC-720,1,H,,,2026-07-06
STK-00515,FCS-31,2,H,,,2026-07-06
STK-00516,FCS-181,3,H,,,2026-07-06
STK-00517,`0750 131 056,2,H,,,2026-07-06
STK-00518,02250153-323,0,H,333.9,0.0,2026-07-06
STK-00519,250024-424,0,H,212.1,0.0,2026-07-06
STK-00520,250024-432,0,H,188.1,0.0,2026-07-06
STK-00521,9003941M1,1,H,188.1,188.1,2026-07-06
STK-00522,P555680,3,H,,,2026-07-06
STK-00523,P554004,1,H,,,2026-07-06
STK-00524,P551315,1,H,,,2026-07-06
STK-00525,BL-2091,1,H,,,2026-07-06
STK-00526,P550575,2,H,,,2026-07-06
STK-00527,P551435,1,H,,,2026-07-06
STK-00528,P551425,2,H,,,2026-07-06
STK-00529,P550467,1,H,,,2026-07-06
STK-00530,J3543R,0,H,,,2026-07-06
STK-00531,H2225,1,H,,,2026-07-06
STK-00532,1763776,1,H,,,2026-07-06
STK-00533,VX400,3,H,,,2026-07-06
STK-00534,Z5158,0,H,,,2026-07-06
STK-00535,AC166,4,I,,,2026-07-06
STK-00536,´004125,7,I,,,2026-07-06
STK-00537,`004060,7,I,,,2026-07-06
STK-00538,`004115,4,I,,,2026-07-06
STK-00539,OC35,2,I,,,2026-07-06
STK-00540,KX368D,1,I,,,2026-07-06
STK-00541,250042-862,2,I,466.1,932.2,2026-07-06
STK-00542,250042-862,6,-,466.1,2796.6000000000004,2026-07-06
STK-00543,250034-116,2,I,705.8,1411.6,2026-07-06
STK-00544,250034-116,6,-,705.8,4234.799999999999,2026-07-06
STK-00545,02250135-150,1,I,692.4,692.4,2026-07-06
STK-00546,AL458,4,I,,,2026-07-06
STK-00547,FN951,1,I,,,2026-07-06
STK-00548,P551856,2,I,,,2026-07-06
STK-00549,P550490,4,I,,,2026-07-06
STK-00550,P550220,6,I,,,2026-07-06
STK-00551,P550653,2,I,,,2026-07-06
STK-00552,P550120,3,I,,,2026-07-06
STK-00553,P550766,1,I,,,2026-07-06
STK-00554,WFC3,1,I,,,2026-07-06
STK-00555,AC744,2,I,,,2026-07-06
STK-00556,HC99,1,I,,,2026-07-06
STK-00557,P761108,1,I,,,2026-07-06
STK-00558,P550309,1,I,,,2026-07-06
STK-00559,P551102,3,I,,,2026-07-06
STK-00560,P550639,5,I,,,2026-07-06
STK-00561,ML1000G,3,I,,,2026-07-06
STK-00562,ML1212G,5,I,,,2026-07-06
STK-00563,ML1280G,2,I,,,2026-07-06
STK-00564,ML5052G,2,I,,,2026-07-06
STK-00565,ML5457G,1,I,,,2026-07-06
STK-00566,ML5421G,1,I,,,2026-07-06
STK-00567,ML3349,3,I,,,2026-07-06
STK-00568,ML30000,5,I,,,2026-07-06
STK-00569,ML3345O,3,I,,,2026-07-06
STK-00570,ML2073W,1,I,,,2026-07-06
STK-00571,FBD75,1,I,,,2026-07-06
STK-00572,KL583,2,I,,,2026-07-06
STK-00573,KL596,0,I,,,2026-08-06
STK-00574,KL239,2,I,,,2026-07-06
STK-00575,KL582,2,I,,,2026-07-06
STK-00576,KL63,2,I,,,2026-07-06
STK-00577,FS41,3,I,,,2026-07-06
STK-00578,KL100/2,1,I,,,2026-07-06
STK-00579,OX171/2D,3,I,,,2026-07-06
STK-00580,KX182/1D,1,I,,,2026-08-06
STK-00581,KX79D,1,I,,,2026-07-06
STK-00582,AC763,2,I,,,2026-07-06
STK-00583,AC763/4,1,I,,,2026-07-06
STK-00584,FDB75,2,I,,,2026-08-06
STK-00585,FN953,4,I,,,2026-07-06
STK-00586,KX80/1D,1,I,,,2026-07-06
STK-00587,KX710D,2,I,,,2026-07-06
STK-00588,KX24,2,I,,,2026-07-06
STK-00589,OX161D,3,I,,,2026-07-06
STK-00590,HD 932-2 X,0,I,,,2026-07-06
STK-00591,RE62419-JDC,1,I,,,2026-07-06
STK-00592,LX2046,0,I,,,2026-08-06
STK-00593,BL-2156,3,I,,,2026-07-06
STK-00594,AA1395E,1,I,,,2026-07-06
STK-00595,LA230,0,I,,,2026-07-06
STK-00596,AL19,2,I,,,2026-07-06
STK-00597,250034-122,0,I,1354,0,2026-07-31
STK-00598,250034-134,0,I,1033.3,0.0,2026-07-31
STK-00599,CE3022,4,I,,,2026-08-06
STK-00600,FBS480/1,2,I,,,
STK-00601,FBD998/KC46,2,J,,,2026-07-06
STK-00602,250034-085,2,J,1597.5,3195.0,2026-07-06
STK-00603,250034-085,9,-,1597.5,14377.5,2026-07-06
STK-00604,02250048-734,1,J,1029.8,1029.8,2026-07-06
STK-00605,02250048-734,9,-,1029.8,9268.199999999999,2026-07-06
STK-00606,C-2505,1,J,,,2026-07-06
STK-00607,LE309,1,J,,,2026-07-06
STK-00608,OC175,2,J,,,2026-07-06
STK-00609,KC83,1,J,,,2026-07-06
STK-00610,OC988,1,J,,,2026-07-22
STK-00611,KC595,1,J,,,2026-07-06
STK-00612,KC454,2,J,,,2026-07-06
STK-00613,KC454,1,J,,,2026-07-06
STK-00614,KC28,1,J,,,2026-07-06
STK-00615,KC 381,1,J,,,2026-07-06
STK-00616,KC83,2,J,,,2026-07-06
STK-00617,KC51,1,J,,,2026-07-06
STK-00618,KC182,1,J,,,2026-07-06
STK-00619,KC251,0,J,,,2026-07-06
STK-00620,KC647D,4,J,,,2026-07-06
STK-00621,KC647/1,1,J,,,2026-07-06
STK-00622,KC648/1,2,J,,,2026-07-06
STK-00623,KC637/1,1,J,,,2026-07-06
STK-00624,KC637D,2,J,,,2026-07-06
STK-00625,KC134,1,J,,,2026-07-06
STK-00626,KC381,1,J,,,2026-07-06
STK-00627,VP2780,0,J,,,2026-07-06
STK-00628,KC18,2,J,,,2026-07-06
STK-00629,KC118/1,2,J,,,2026-07-06
STK-00630,KC118/1,1,J,,,2026-07-06
STK-00631,KC186,1,J,,,2026-07-06
STK-00632,KC24,4,J,,,2026-07-06
STK-00633,KC509,0,J,,,2026-07-06
STK-00634,KC5,2,J,,,2026-07-06
STK-00635,KC440,1,J,,,2026-07-06
STK-00636,KC636,1,J,,,2026-08-06
STK-00637,KC618,1,J,,,2026-07-06
STK-00638,OX339/2D,3,J,,,2026-07-06
STK-00639,OX834D,3,J,,,
STK-00640,OX169D,2,J,,,2026-07-06
STK-00641,OX168D,1,J,,,2026-07-06
STK-00642,OX169/1D,1,J,,,2026-07-06
STK-00643,OX175D,2,J,,,2026-07-06
STK-00644,OX388D,1,J,,,2026-07-06
STK-00645,OX188,1,J,,,2026-07-06
STK-00646,OX153D3,1,J,,,2026-07-06
STK-00647,OX562D,1,J,,,2026-08-06
STK-00648,OX16/1D,1,J,,,2026-07-06
STK-00649,OX174D,3,J,,,2026-07-06
STK-00650,OX1052D,2,J,,,2026-07-06
STK-00651,OC1063,1,J,,,2026-07-06
STK-00652,OC324,3,J,,,2026-07-06
STK-00653,OC370,1,J,,,2026-07-06
STK-00654,OC282,1,J,,,2026-07-06
STK-00655,OC18,3,J,,,2026-07-06
STK-00656,OC1738,1,J,,,2026-07-06
STK-00657,OC502,6,J,,,2026-07-06
STK-00658,OC60,0,J,,,2026-07-06
STK-00659,OC522,1,J,,,2026-07-06
STK-00660,OC501,3,J,,,2026-07-06
STK-00661,OC235,3,J,,,2026-07-06
STK-00662,OC1009,3,J,,,2026-07-06
STK-00663,OC26,2,J,,,2026-07-06
STK-00664,OC42,1,J,,,2026-07-06
STK-00665,OC41,0,J,,,2026-07-06
STK-00666,OC67,2,J,,,2026-07-06
STK-00667,OC1253,3,J,,,2026-07-06
STK-00668,HLP5053,0,J,,,2026-07-06
STK-00669,LB55,5,J,,,2026-07-06
STK-00670,LB300,0,J,,,2026-07-06
STK-00671,AL470/4,2,J,,,2026-07-06
STK-00672,AL12,6,J,,,2026-07-06
STK-00673,AL26,1,J,,,2026-07-06
STK-00674,OC534,1,J,,,2026-07-06
STK-00675,OC47,1,J,,,2026-07-06
STK-00676,OC90,5,J,,,2026-07-06
STK-00677,OX171/2D,2,J,,,2026-07-06
STK-00678,AL97,0,J,,,2026-07-06
STK-00679,LE677,0,J,,,2026-08-06
STK-00680,1002-4663,2,J,2209.2,4418.4,2026-07-06
STK-00681,932000 10B NE,1,,,,2026-07-06
STK-00682,241772,1,,143.8,143.8,2026-07-06
STK-00683,´046701,1,,161.8,161.8,2026-07-06
STK-00684,4460465-JLG,9,,,,2026-07-06
STK-00685,LXS41/1,1,,,,2026-07-06
STK-00686,AF25484,0,,,,2026-07-06
STK-00687,AC-19080,1,,,,2026-07-06
STK-00688,1001129845-JLG,1,,2258.3,2258.3,2026-07-06
STK-00689,02250106-789,2,,792.9,1585.8,2026-07-06
STK-00690,250030-758,0,,2851.3,0.0,2026-07-06
STK-00691,34-08324,0,,,,2026-07-06
STK-00692,1006-3296,0,,1960.1,0.0,2026-07-06
STK-00693,45673,0,,619.2,0.0,2026-07-06
STK-00694,S00301-238,0,,45,0,2026-07-06
STK-00695,02250224-269,0,,4100.9,0.0,2026-07-06
STK-00696,0400055-JLG,0,,564,0,2026-07-06
STK-00697,02250242-636,0,,2131.2,0.0,2026-07-06
STK-00698,250027-201,0,,441.2,0.0,2026-07-06
STK-00699,`001104,0,,582.8,0.0,2026-07-06
STK-00700,1001092456-JLG,0,,3408.6,0.0,2026-07-06
STK-00701,HP9834,0,,,,2026-07-06
STK-00702,HK301,0,,,,2026-07-06
STK-00703,250006-938,0,,165.2,0.0,2026-07-06
STK-00704,042034RA,0,,353.5,0.0,2026-07-06
STK-00705,70031074-TRA,0,,130,0,2026-07-06
STK-00706,70030307-TRA,0,,58.5,0.0,2026-07-06
STK-00707,1319612-TRA,0,,418,0,2026-07-06
STK-00708,1319593-TRA,0,,42.6,0.0,2026-07-06
STK-00709,1319594-TRA,0,,62.9,0.0,2026-07-06
STK-00710,8036190-TRA,0,,100.5,0.0,2026-07-06
STK-00711,02250235-913,0,,485.6,0.0,2026-07-06
STK-00712,02250087-070,0,,103,0,2026-07-06
STK-00713,02250093-806,0,,108.6,0.0,2026-07-06
STK-00714,02250098-622,0,,559.8,0.0,2026-07-06
STK-00715,826502-215,0,,5.2,0.0,2026-07-06
STK-00716,AC7983,0,,,,2026-07-06
STK-00717,241581,0,,1223.1,0.0,2026-07-06
STK-00718,`042582,0,,672.8,0.0,2026-07-06
STK-00719,02250166-230,0,,1719.2,0.0,2026-07-06
STK-00720,LX261,0,,,,2026-07-06
STK-00721,EF938,0,,,,2026-07-06
STK-00722,EF939,0,,,,2026-07-06
STK-00723,02250221-211,0,,774.9,0.0,2026-07-06
STK-00724,8320265-TRA,0,,64.1,0.0,2026-07-06
STK-00725,02250145-625,0,,881.1,0.0,2026-07-06
STK-00726,248755,0,,135.1,0.0,2026-07-06
STK-00727,7013301-JLG,0,,513.4,0.0,2026-07-06
STK-00728,P5113,0,,,,2026-07-06
STK-00729,VP-1748,0,,,,2026-07-06
STK-00730,VP-1748/S,0,,,,2026-07-06
STK-00731,G-1316,0,,,,2026-07-06
STK-00732,FF5272,0,,,,2026-07-06
STK-00733,HF35305,0,,,,2026-07-06
STK-00734,HF9500,0,,,,2026-07-06
STK-00735,FS19914,0,,,,2026-07-06
STK-00736,LF3400,0,,,,2026-07-06
STK-00737,LF16011,0,,,,2026-07-06
STK-00738,FF149,0,,,,2026-07-06
STK-00739,VP-2709/S,0,,,,2026-07-06
STK-00740,250018-427,0,,12.2,0.0,2026-07-06
STK-00741,88290015-890,0,,42.9,0.0,2026-07-06
STK-00742,88290015-891,0,,69.8,0.0,2026-07-06
STK-00743,68MR1600,0,,7.7,0.0,2026-07-06
STK-00744,68CJ0825,0,,5.3,0.0,2026-07-06
STK-00745,68723227,0,,171.7,0.0,2026-07-06
STK-00746,68CJ0026,0,,29.9,0.0,2026-07-06
STK-00747,68722579,0,,906.1,0.0,2026-07-06
STK-00748,68723244,0,,219.3,0.0,2026-07-06
STK-00749,68MR1301,0,,34.1,0.0,2026-07-06
STK-00750,68780320,0,,60.9,0.0,2026-07-06
STK-00751,02250222-783,0,,587.7,0.0,2026-07-06
STK-00752,0140-4317,0,,,,2026-07-06
STK-00753,0140-4318,0,,,,2026-07-06
STK-00754,1001186466,0,,993.4,0.0,2026-07-06
STK-00755,4360371,0,,743.5,0.0,2026-07-06
STK-00756,179-9806,0,,,,2026-07-06
STK-00757,EF-8033R,0,,,,2026-07-06
STK-00758,EF-8034R,0,,,,2026-07-06
STK-00759,´0937521,0,,,,2026-07-06
STK-00760,1001146963-JLG,0,,545.7,0.0,2026-07-06
STK-00761,AF1638-FLE,0,,89.2,0.0,2026-07-06
STK-00762,122-0922-ONA,0,,18.1,0.0,2026-07-06
STK-00763,02250099-448,0,,337.5,0.0,2026-07-06
STK-00764,250041-801,0,,2766.1,0.0,2026-07-06
STK-00765,LXS37/1,0,,,,2026-07-06
STK-00766,02250177-150,0,,890.6,0.0,2026-07-06
STK-00767,02250164-206,0,,504,0,2026-07-06
STK-00768,02250152-635,0,,598.5,0.0,2026-07-06
STK-00769,7023543-JLG,0,,448.4,0.0,2026-07-06
STK-00770,1001186466,0,,993.4,0.0,2026-07-06
STK-00771,02250097-349,0,,846.8,0.0,2026-07-06
STK-00772,02250223-411,0,,245.5,0.0,2026-07-06
STK-00773,02250220-866,0,,52,0,2026-07-06
STK-00774,140-4088-ONA,0,,36.7,0.0,2026-07-06
STK-00775,270016-419,0,,92,0,2026-07-06
STK-00776,270016-627,0,,58,0,2026-07-06
STK-00777,250024-272,0,,416.5,0.0,2026-07-06
STK-00778,7021581-JLG,0,,549.6,0.0,2026-07-06
STK-00779,AH1135,0,,262.4,0.0,2026-07-06
STK-00780,4460467-JLG,0,,4.8,0.0,2026-07-06
STK-00781,0400215-JLG,0,,264,0,2026-07-06
STK-00782,1318821,0,,,,2026-07-06
STK-00783,1318822,0,,,,2026-07-06
STK-00784,1R1804,0,,,,2026-07-06
STK-00785,3223155,0,,,,2026-07-06
STK-00786,5I8670,0,,,,2026-07-06
STK-00787,937521,0,,,,2026-07-06
STK-00788,4385386,0,,,,2026-07-06
STK-00789,B1806380-SAG,0,,1038.6,0.0,2026-07-06
STK-00790,02250209-582,0,,93,0,2026-07-06
STK-00791,´042988,0,,415.1,0.0,2026-07-06
STK-00792,191-2460-ONA,0,,989.9,0.0,2026-07-13
STK-00793,AF25570,0,,122.5,0.0,2026-07-06
STK-00794,AF25571,0,,68.1,0.0,2026-07-06
STK-00795,270002-709,0,,256.9,0.0,2026-07-13
STK-00796,4954905-CMM,0,,13.6,0.0,
STK-00797,`001692,0,,154,0,
STK-00798,250018-008,0,,643.2,0.0,
STK-00799,´000751,0,,820.8,0.0,
STK-00800,41992,0,,61.9,0.0,2026-07-23
STK-00801,4360328S-JLG,0,,22.2,0.0,2026-07-23
STK-00802,02250183-035,0,,6422.6,0.0,2026-07-23
STK-00803,DZ120070,1,,,,2026-08-11
STK-00804,02250117-782,2,,,,
STK-00805,AH8742,0,,,,
STK-00806,02250139-296,0,,,,
STK-00807,02250057-036,0,CAJONES,985.4,0.0,2026-05-21
STK-00808,02250057-036,1,CAJONES,985.4,985.4,2026-05-21
STK-00809,88290014-534,2,CAJONES,353.4,706.8,2026-05-21
STK-00810,250039-910,4,CAJONES,,,2026-05-21
STK-00811,408893,13,CAJONES,250.3,3253.9,2026-05-21
STK-00812,`040588,3,CAJONES,737.8,2213.3999999999996,2026-05-21
STK-00813,02250129-175,0,CAJONES,306.8,0.0,2026-05-21
STK-00814,02250049-634,7,CAJONES,294.8,2063.6,2026-05-21
STK-00815,02250155-536,0,CAJONES,2106,0,2026-05-21
STK-00816,02250112-031,3,CAJONES,119,357,2026-05-21
STK-00817,02250105-553,3,CAJONES,447.5,1342.5,2026-05-21
STK-00818,02250105-553,1,CAJONES,447.5,447.5,2026-05-21
STK-00819,02250100-042,1,CAJONES,411.8,411.8,2026-05-21
STK-00820,02250166-220,1,CAJONES,526.2,526.2,2026-05-21
STK-00821,´001151,0,CAJONES,253.9,0.0,2026-05-21
STK-00822,02250110-727,1,CAJONES,526.2,526.2,2026-05-21
STK-00823,250022-782,0,CAJONES,44.3,0.0,2026-05-21
STK-00824,250026-758,0,CAJONES,172.3,0.0,2026-05-21
STK-00825,250017-280,1,CAJONES,308.3,308.3,2026-05-21
STK-00826,250031-438,13,CAJONES,188.3,2447.9,2026-05-21
STK-00827,250031-438,0,CAJONES,188.3,0.0,2026-05-21
STK-00828,001078RA,5,CAJONES,28.4,142.0,2026-05-21
STK-00829,001128-B-RA,0,CAJONES,92.8,0.0,2026-05-21
STK-00830,250025-870,1,CAJONES,139.6,139.6,2026-05-21
STK-00831,250025-412,1,CAJONES,,,2026-05-21
STK-00832,02250092-081,0,CAJONES,418.7,0.0,2026-05-21
STK-00833,´044905,0,CAJONES,,,2026-05-21
STK-00834,049905RA,6,CAJONES,56.3,337.79999999999995,2026-05-21
STK-00835,041742RA,2,CAJONES,67.6,135.2,2026-05-21
STK-00836,250019-453,2,CAJONES,257.4,514.8,2026-05-21
STK-00837,250019-453,3,CAJONES,257.4,772.1999999999999,2026-05-21
STK-00838,02250155-174,4,CAJONES,480.8,1923.2,2026-05-21
STK-00839,02250110-988,1,CAJONES,172.3,172.3,2026-05-21
STK-00840,`021172,8,CAJONES,28.8,230.4,2026-05-21
STK-00841,`027441,1,CAJONES,304.9,304.9,2026-05-21
STK-00842,`040091,0,CAJONES,17.5,0.0,2026-05-21
STK-00843,02250050-363,5,CAJONES,1187.2,5936.0,2026-05-21
STK-00844,02250050-363,2,CAJONES,1187.2,2374.4,2026-05-21
STK-00845,250019-451,0,CAJONES,228.6,0.0,2026-05-21
STK-00846,250019-451,2,CAJONES,228.6,457.2,2026-05-21
STK-00847,001175RA,1,CAJONES,24.4,24.4,2026-05-21
STK-00848,`047630,2,CAJONES,68.9,137.8,2026-05-21
STK-00849,02250117-782,1,CAJONES,182.5,182.5,2026-05-21
STK-00850,02250092-529,0,CAJONES,,,2026-05-21
STK-00851,´046559,1,CAJONES,308.3,308.3,2026-05-21
STK-00852,250025-621,1,CAJONES,766.6,766.6,2026-05-21
STK-00853,250039-909,3,CAJONES,1049.4,3148.2000000000003,2026-05-21
STK-00854,´042004,6,CAJONES,21.8,130.8,2026-05-21
STK-00855,250011-597,1,CAJONES,26.3,26.3,2026-05-21
STK-00856,250011-578,1,CAJONES,29.7,29.7,2026-05-21
STK-00857,049737RA,0,CAJONES,212.5,0.0,2026-05-21
STK-00858,02250127-176,8,CAJONES,293.6,2348.8,2026-05-21
STK-00859,88290014-514,7,CAJONES,939.4,6575.8,2026-05-21
STK-00860,02250078-204,2,CAJONES,631.9,1263.8,2026-05-21
STK-00861,02250058-087,4,CAJONES,782,3128,2026-05-21
STK-00862,`040541,1,CAJONES,48,48,2026-05-21
STK-00863,´047628,1,CAJONES,122.6,122.6,2026-05-21
STK-00864,250025-364,1,ESTANTE,140,140,2026-05-21
STK-00865,02250193-535,4,CAJONES,241.5,966.0,2026-05-21
STK-00866,´049796,3,ESTANTE,2110,6330,2026-05-21
STK-00867,406631,5,ESTANTE,1821.1,9105.5,2026-05-21
STK-00868,250018-551,3,ESTANTE,1586.9,4760.700000000001,2026-05-21
STK-00869,822204-000,2,CAJONES,,,2026-05-21
STK-00870,241771,1,CAJONES,168.8,168.8,2026-05-21
STK-00871,02250115-272,0,CAJONES,320.1,0.0,2026-05-21
STK-00872,810504-012,2,CAJONES,50.6,101.2,2026-05-21
STK-00873,02250164-606,2,ESTANTE,144,288,2026-05-21
STK-00874,HAD-20B,17,ESTANTE,145.2,2468.3999999999996,2026-05-21
STK-00875,8223054-TRA,0,ESTANTE,35.9,0.0,2026-05-21
STK-00876,02250100-095,3,CAJONES,420.1,1260.3000000000002,2026-05-21
STK-00877,1089-0708-11,1,ESTANTE,,,2026-07-13
STK-00878,02250155-175,3,CAJONES,206.3,618.9000000000001,2026-07-13
STK-00879,A028X493-ONA,1,CAJONES,158.2,158.2,2026-07-20
STK-00880,K65BAA,1,CAJONES,,,2026-07-20
STK-00881,K23AA,1,CAJONES,,,2026-07-20
STK-00882,´045672,1,ESTANTE,414.3,414.3,2026-07-27
STK-00883,4360469S-JLG,1,CAJONES,62.7,62.7,2026-07-27
STK-00884,250041-638,1,CAJONES,225,225,2026-07-27
STK-00885,02250171-245,1,CAJONES,216,216,2026-07-27
STK-00886,02250176-856,1,ESTANTE,388.9,388.9,2026-07-27
STK-00887,02250176-967,1,ESTANTE,319.2,319.2,2026-07-27
STK-00888,270021-405,1,CAJONES,507.6,507.6,2026-07-27
STK-00889,242429,1,CAJONES,,,2026-07-27
STK-00890,´041619,1,CAJONES,93.1,93.1,2026-07-27
STK-00891,001177RA,1,CAJONES,117.4,117.4,2026-07-27
STK-00892,011579RA,1,ESTANTE,172,172,2026-05-21
STK-00893,828406-150,8,CAJONES,1.7,13.6,2026-07-30
STK-00894,250035-041,8,CAJONES,,,2026-07-30
STK-00895,882806-150,8,CAJONES,,,2026-07-30
STK-00896,250040-924,1,CAJONES,51,51,2026-07-30
STK-00897,005898-010,1,CAJONES,204.9,204.9,2026-07-30
STK-00898,250035-375,1,ESTANTE,204.9,204.9,2026-07-30
STK-00899,250028-036,0,ESTANTE,157.5,0.0,2026-07-31
STK-00900,02250222-539,0,ESTANTE,,,2026-08-14
STK-00901,02250155-971,1,ESTANTE,,,2026-08-14
STK-00902,CÓDIGO,,FLUIDOS,,,
STK-00903,250022-669,33,FLUIDOS,,,
STK-00904,02250196-470,4,FLUIDOS,,,
STK-00905,CC2825-FLE,6,FLUIDOS,,,
STK-00906,CC2848-FLE,6,FLUIDOS,,,
STK-00907,250022-670,0,FLUIDOS,,,
STK-00908,S00801-038/B20,1,FLUIDOS,,,
STK-00909,250030-757,1,FLUIDOS,,,
STK-00910,02250193-571,2,ESTANTE,875.4,1750.8,2026-05-21
STK-00911,02250193-595,3,ESTANTE,1477.8,4433.4,2026-05-21
STK-00912,02250193-573,3,ESTANTE,1477.8,4433.4,2026-05-21
STK-00913,02250193-593,4,ESTANTE,875.4,3501.6,2026-05-21
STK-00914,02250194-972,1,ESTANTE,842.1,842.1,2026-05-21
STK-00915,02250194-973,1,ESTANTE,902,902,2026-05-21
STK-00916,02250193-572,5,ESTANTE,958.2,4791.0,2026-05-21
STK-00917,02250193-569,3,ESTANTE,651.2,1953.6000000000001,2026-05-21
STK-00918,02250193-591,5,ESTANTE,651.2,3256.0,2026-05-21
STK-00919,02250194-924,3,ESTANTE,837.9,2513.7,2026-05-21
STK-00920,02250194-957,3,ESTANTE,310.8,932.4000000000001,2026-05-21
STK-00921,02250194-958,3,ESTANTE,310.8,932.4000000000001,2026-05-21
STK-00922,02250193-589,4,ESTANTE,462.1,1848.4,2026-05-21
STK-00923,02250193-567,4,ESTANTE,462.1,1848.4,2026-05-21
STK-00924,02250193-594,5,ESTANTE,958.2,4791.0,2026-05-21
STK-00925,02250193-566,5,ESTANTE,316.6,1583.0,2026-05-21
STK-00926,02250193-574,1,ESTANTE,1861.7,1861.7,2026-05-21
STK-00927,02250194-922,3,ESTANTE,837.9,2513.7,2026-05-21
STK-00928,02250193-597,1,ESTANTE,1861.7,1861.7,2026-05-21
STK-00929,02250193-588,2,ESTANTE,316.6,633.2,2026-05-21
STK-00930,02250193-587,3,ESTANTE,265.9,797.6999999999999,2026-05-21
STK-00931,02250194-959,1,ESTANTE,333.9,333.9,2026-05-21
STK-00932,02250193-565,4,ESTANTE,265.9,1063.6,2026-05-21
STK-00933,02250195-196,1,ESTANTE,2234.9,2234.9,2026-05-21
STK-00934,02250195-193,1,ESTANTE,2234.9,2234.9,2026-05-21
STK-00935,02250194-916,1,ESTANTE,589.1,589.1,2026-05-21
STK-00936,02250194-918,1,ESTANTE,589.1,589.1,2026-05-21
STK-00937,02250194-968,0,ESTANTE,698.3,0.0,2026-05-21
STK-00938,02250193-558,0,ESTANTE,651.2,0.0,2026-06-05
STK-00939,02250194-922,2,ESTANTE,837.9,1675.8,2026-08-11
STK-00940,02250194-924,1,ESTANTE,837.9,837.9,2026-08-11
STK-00941,02250194-977,0,ESTANTE,989.1,0.0,2026-08-14
STK-00942,02250194-978,0,ESTANTE,989.1,0.0,2026-08-14
STK-00943,02250194-962,0,ESTANTE,520.8,0.0,2026-08-14
STK-00944,02250194-963,0,ESTANTE,520.8,0.0,2026-08-14
STK-00945,CODIGO,,RODAMIENTOS,,,
STK-00946,7304 AE1,1,RODAMIENTOS,,,
STK-00947,7306 BECBM,4,RODAMIENTOS,,,
STK-00948,6308-2RS1/C3,2,RODAMIENTOS,,,
STK-00949,NU 216 ECP/C3,1,RODAMIENTOS,,,
STK-00950,NU 208 ECP,1,RODAMIENTOS,,,
STK-00951,31308 J2/QCL7C,1,RODAMIENTOS,,,
STK-00952,6207-2Z/C3,1,RODAMIENTOS,,,
STK-00953,QJ 208 MA,1,RODAMIENTOS,,,
STK-00954,31308/Q/CL7A,1,RODAMIENTOS,,,
STK-00955,LM67048/010/Q,1,RODAMIENTOS,,,
STK-00956,NU2205 ECP,1,RODAMIENTOS,,,
STK-00957,32306/0,1,RODAMIENTOS,,,
STK-00958,6312/C3,1,RODAMIENTOS,,,
STK-00959,6212-2RS1/C3,1,RODAMIENTOS,,,
STK-00960,NU206 ECP,1,RODAMIENTOS,,,
STK-00961,30205 J2/Q,1,RODAMIENTOS,,,
STK-00962,6205-2Z/C3,0,RODAMIENTOS,,,
STK-00963,6204-2C/C3,0,RODAMIENTOS,,,
STK-00964,6311-2RS1/C3,1,RODAMIENTOS,,,
STK-00965,6211-2RS1/C3,1,RODAMIENTOS,,,
STK-00966,30204-NSK,2,RODAMIENTOS,,,
STK-00967,32206/VA983,0,RODAMIENTOS,,,
STK-00968,NU 2206 ECP/C3,0,RODAMIENTOS,,,
STK-00969,BT1B 332541 AB/Q,1,RODAMIENTOS,,,
STK-00970,30308A,2,RODAMIENTOS,,,
STK-00971,499078-310 / HR303100J,1,RODAMIENTOS,,,
STK-00972,6305DDUC3 B AS2S,1,RODAMIENTOS,,,
STK-00973,6204Z,1,RODAMIENTOS,,,
STK-00974,6210UC3 B,1,RODAMIENTOS,,,
STK-00975,M88048,3,RODAMIENTOS,,,
STK-00976,394A- 20024,1,RODAMIENTOS,,,
STK-00977,HM88610,1,RODAMIENTOS,,,
STK-00978,HM88649/610,2,RODAMIENTOS,,,
STK-00979,M88048,1,RODAMIENTOS,,,
STK-00980,25580,1,RODAMIENTOS,,,
STK-00981,6307.2ZR.C3 / H189-0921.HB,1,RODAMIENTOS,,,
STK-00982,32206A,1,RODAMIENTOS,,,
STK-00983,30309A,1,RODAMIENTOS,,,
STK-00984,NU315-E-JP3,1,RODAMIENTOS,,,
STK-00985,730 6B,2,RODAMIENTOS,,,
STK-00986,NJ308C3,2,RODAMIENTOS,,,
STK-00987,HM88610-N,2,RODAMIENTOS,,,
STK-00988,HM88548-N,1,RODAMIENTOS,,,
STK-00989,7306B,1,RODAMIENTOS,,,
STK-00990,NU207ES,1,RODAMIENTOS,,,
STK-00991,4T-30206,1,RODAMIENTOS,,,
STK-00992,6312-2rs1/c3,0,RODAMIENTOS,,,
STK-00993,6212-2z/c3,0,RODAMIENTOS,,,
STK-00994,AF1733KM-FLE,1,ENTREPISO,,,
STK-00995,AF490M-FLE,3,ENTREPISO,,,
STK-00996,AF4826K-FLE,1,ENTREPISO,,,
STK-00997,AF4103-FLE,2,ENTREPISO,,,
STK-00998,AF1935M-FLE,2,ENTREPISO,,,
STK-00999,AF1638-FLE,1,ENTREPISO,,,
STK-01000,AF25969   /  P781228,2,ENTREPISO,,,
STK-01001,AF947     (SIN CAJA),1,ENTREPISO,,,
STK-01002,AF4548,2,ENTREPISO,,,
STK-01003,AF1934M,2,ENTREPISO,,,
STK-01004,AF25756,1,ENTREPISO,,,
STK-01005,AF935M,1,ENTREPISO,,,
STK-01006,AF872M,1,ENTREPISO,,,
STK-01007,AF25618,1,ENTREPISO,,,
STK-01008,AF25688,1,ENTREPISO,,,
STK-01009,AF26400,1,ENTREPISO,,,
STK-01010,AS2201,1,ENTREPISO,,,
STK-01011,AF1850 (SIN CAJA),0,ENTREPISO,,,
STK-01012,AF26173,1,ENTREPISO,,,
STK-01013,EF-526/  A41001000092,1,ENTREPISO,,,
STK-01014,EF-881,1,ENTREPISO,,,
STK-01015,EF-507      NP46968,1,ENTREPISO,,,
STK-01016,EF-508       NP46981,1,ENTREPISO,,,
STK-01017,PF-560/1SC,1,ENTREPISO,,,
STK-01018,EF-864R    /  AF25175,4,ENTREPISO,,,
STK-01019,EF-473      /  AF820M,1,ENTREPISO,,,
STK-01020,EF-897       / AF1744M,2,ENTREPISO,,,
STK-01021,EF-793R  (SIN CAJA),1,ENTREPISO,,,
STK-01022,AF4564,1,ENTREPISO,,,
STK-01023,EF-831,,ENTREPISO,,,
STK-01024,EF-574 (Caja no tirar),1,ENTREPISO,,,
STK-01025,61-2501   /    15000209  DR6,1,ENTREPISO,,,
STK-01026,15000172-(329),1,ENTREPISO,,,
STK-01027,211-2661     -(416E),2,ENTREPISO,,,
STK-01028,AF25557   / P828889  / 110-6326,1,ENTREPISO,,,
STK-01029,NP293-4053   PRIM:227-7448       416E/420E,5,ENTREPISO,,,
STK-01030,AF25570  -   P607365,1,ENTREPISO,,,
STK-01031,AF26400   -   P782108,1,ENTREPISO,,,
STK-01032,AF27940   -P953211,1,ENTREPISO,,,
STK-01033,AF25437   -   P537876,1,ENTREPISO,,,
STK-01034,AF27995    -   P953215,1,ENTREPISO,,,
STK-01035,AF26399     -  P782105,1,ENTREPISO,,,
STK-01036,V1003060 (para ATLAS) 708,1,ENTREPISO,,,
STK-01037,LX5312,1,ENTREPISO,,,
STK-01038,LX1313/1,1,ENTREPISO,,,
STK-01039,LX712   -  P380,2,ENTREPISO,,,
STK-01040,LX5312,1,ENTREPISO,,,
STK-01041,LX814/1,2,ENTREPISO,,,
STK-01042,INGERSOLL-RAND: 39843693,1,ENTREPISO,,,
STK-01043,MARENO: EF-864R,1,ENTREPISO,,,
STK-01044,MERCEDES BENZ: A0040943504,2,ENTREPISO,,,
STK-01045,MOTOR GM: 046981/046968/750Q,1,ENTREPISO,,,
STK-01046,LUBER-FINER: AF1767,1,ENTREPISO,,,
STK-01047,DARMET: VP1702,1,ENTREPISO,,,
STK-01048,DARMET: VP2769,1,ENTREPISO,,,
STK-01049,MANN: 49002  52192,1,ENTREPISO,,,
STK-01050,SULLAIR: 250034081,1,ENTREPISO,,,
STK-01051,HASTING: J-3031,1,ENTREPISO,,,
STK-01052,JOHN DEERE: AT171854,1,ENTREPISO,,,
STK-01053,ALKA AF-IAC-0529 NP1705,8,ENTREPISO,,,
STK-01054,ACOPLE,9,ENTREPISO,,,
STK-01055,W962,4,MV,49,196,
STK-01056,W950,4,MV,47,188,
STK-01057,W719,4,MV,32,128,
STK-01058,021201001.01,2,MV,263,526,
STK-01059,02350201001.01,1,MV,9,9,
STK-01060,024101002.01,1,MV,40,40,
STK-01061,021101001.02,2,MV-5/30,95,190,
STK-01062,025001001.10,1,MV-5V,570,570,
STK-01063,LC1R1801M5N,1,MV-5V,7,7,
STK-01064,021301001.09,2,MV-7,140,280,
STK-01065,KB8220,3,MV-7,78,234,
STK-01066,021301001.10,4,MV-7,80,320,
STK-01067,LC1R0601M5N,1,MV-7V,70,70,
STK-01068,025001001.10,1,MV-7,570,570,
STK-01069,C1140,31,MV-10,28,868,
STK-01070,021301001.01,1,MV-10V,140,140,
STK-01071,LC1R2501M5N,1,MV-10V,100,100,
STK-01072,JIV-40,2,MV-15/20,370,740,
STK-01073,SB461,5,MV-40,175,875,
STK-01074,SB564,4,MV-50,193,772,
STK-01075,MVP-32A,4,MV-50,98,392,
STK-01076,JIV-65,2,MV-50,420,840,
STK-01077,023701005.06,4,MV-50,230,920,
STK-01078,SB521,4,MV-15,120,480,
STK-01079,C1250,2,MV-15/20,28,56,
STK-01080,C1360,5,MV-25/40,65,325,
STK-01081,CODIGO,,CAJAS,,,
STK-01082,0250025-001,1,CAJAS,,,2025-08-22
STK-01083,826502-232,1,CAJAS,36.4,36.4,2025-08-22
STK-01084,250022-782,1,CAJAS,44.3,44.3,2025-08-22
STK-01085,02250155-536,1,CAJAS,2106,2106,2025-08-22
STK-01086,40523,1,CAJAS,182.5,182.5,2025-08-22
STK-01087,02250166-967,1,CAJAS,,,2025-08-22
STK-01088,`040091,1,CAJAS,49.5,49.5,2025-08-22
STK-01089,`040649,2,CAJAS,,,2025-08-22
STK-01090,011579RA,1,CAJAS,143.3,143.3,2025-08-22
STK-01091,02250152-810,2,CAJAS,121.5,243.0,2025-08-22
STK-01092,0307-3070,3,CAJAS,131.7,395.09999999999997,2025-08-22
STK-01093,250040-904,2,CAJAS,223.8,447.6,2025-08-22
STK-01094,810504-012,2,CAJAS,50.6,101.2,2025-08-22
STK-01095,68722536,1,CAJAS,24.4,24.4,2025-08-22
STK-01096,7010944,1,CAJAS,90.3,90.3,2025-08-22
STK-01097,250006-526,1,CAJAS,142.5,142.5,2025-08-22
STK-01098,02250209-583,1,CAJAS,417.2,417.2,2025-08-22
STK-01099,`001684,1,CAJAS,162.5,162.5,2025-08-22
STK-01100,S/C,3,CAJAS,,,2025-08-22
STK-01101,S/C,1,CAJAS,,,2025-08-22
STK-01102,4954473,1,CAJAS,87,87,2025-08-22
STK-01103,0357-0030,1,CAJAS,31,31,2025-08-22
STK-01104,267351,1,CAJAS,,,2025-08-22
STK-01105,3921642,1,CAJAS,,,2025-08-22
